mean_fit_time,std_fit_time,mean_score_time,std_score_time,param_classifier__colsample_bytree,param_classifier__gamma,param_classifier__learning_rate,param_classifier__max_depth,param_classifier__min_child_weight,param_classifier__n_estimators,param_classifier__reg_alpha,param_classifier__reg_lambda,param_classifier__scale_pos_weight,param_classifier__subsample,params,split0_test_pr_auc,split1_test_pr_auc,split2_test_pr_auc,split3_test_pr_auc,mean_test_pr_auc,std_test_pr_auc,rank_test_pr_auc,split0_train_pr_auc,split1_train_pr_auc,split2_train_pr_auc,split3_train_pr_auc,mean_train_pr_auc,std_train_pr_auc,split0_test_roc_auc,split1_test_roc_auc,split2_test_roc_auc,split3_test_roc_auc,mean_test_roc_auc,std_test_roc_auc,rank_test_roc_auc,split0_train_roc_auc,split1_train_roc_auc,split2_train_roc_auc,split3_train_roc_auc,mean_train_roc_auc,std_train_roc_auc,split0_test_f1,split1_test_f1,split2_test_f1,split3_test_f1,mean_test_f1,std_test_f1,rank_test_f1,split0_train_f1,split1_train_f1,split2_train_f1,split3_train_f1,mean_train_f1,std_train_f1,split0_test_precision,split1_test_precision,split2_test_precision,split3_test_precision,mean_test_precision,std_test_precision,rank_test_precision,split0_train_precision,split1_train_precision,split2_train_precision,split3_train_precision,mean_train_precision,std_train_precision,split0_test_recall,split1_test_recall,split2_test_recall,split3_test_recall,mean_test_recall,std_test_recall,rank_test_recall,split0_train_recall,split1_train_recall,split2_train_recall,split3_train_recall,mean_train_recall,std_train_recall,split0_test_accuracy,split1_test_accuracy,split2_test_accuracy,split3_test_accuracy,mean_test_accuracy,std_test_accuracy,rank_test_accuracy,split0_train_accuracy,split1_train_accuracy,split2_train_accuracy,split3_train_accuracy,mean_train_accuracy,std_train_accuracy
4.872277915477753,0.5846625412315124,0.5393349528312683,0.06934469915187637,0.9,0.6,0.1,4,7,90,0.0,0.0,8,0.9,"{'classifier__colsample_bytree': 0.9, 'classifier__gamma': 0.6, 'classifier__learning_rate': 0.1, 'classifier__max_depth': 4, 'classifier__min_child_weight': 7, 'classifier__n_estimators': 90, 'classifier__reg_alpha': 0.0, 'classifier__reg_lambda': 0, 'classifier__scale_pos_weight': 8, 'classifier__subsample': 0.9}",0.8788864148524617,0.8619993182369372,0.8526886818221353,0.8747161541323404,0.8670726422609687,0.01037575817868325,44,0.873837778797759,0.8800347250748662,0.8846844017847654,0.8761094820098729,0.8786665969168159,0.004121349025495427,0.9791154014817128,0.9785867253300014,0.9735065591072727,0.9778768751635741,0.9772713902706404,0.0022176028335333504,16,0.9814766360902745,0.9818653443379941,0.9835974490714159,0.9822536817283963,0.9822982778070202,0.000798805558906539,0.7872638208537439,0.7673354452657515,0.7795132582637123,0.7843551797040169,0.7796169260218062,0.007612022810874742,16,0.7771898883009994,0.7850774284373534,0.7929973976815708,0.78328611898017,0.7846377083500234,0.005643017295351258,0.732421875,0.717577353522054,0.7503496503496504,0.7346534653465346,0.7337505860545597,0.011615539700175821,15,0.7284549261626625,0.7344161545215101,0.7470470247381323,0.7365149833518313,0.736608272193534,0.006713022584545506,0.850983358547655,0.8245083207261724,0.8110355253212396,0.8412698412698413,0.831949261466227,0.015345374044153568,37,0.8329133064516129,0.8432459677419355,0.8449710108394253,0.8364003024955886,0.8393826468821406,0.0049219356819970635,0.9898563539598592,0.988972121657018,0.9898730375882147,0.9897896194464372,0.9896227831628822,0.0003769540208443407,15,0.9894615080887792,0.9898118642842445,0.9902678834592947,0.9897896194464372,0.9898327188196889,0.0002869922202469437
5.208613932132721,0.2710671506625722,0.5205018520355225,0.013509375392630025,0.9,0.6,0.1,4,7,90,0.0,1.0,8,0.9,"{'classifier__colsample_bytree': 0.9, 'classifier__gamma': 0.6, 'classifier__learning_rate': 0.1, 'classifier__max_depth': 4, 'classifier__min_child_weight': 7, 'classifier__n_estimators': 90, 'classifier__reg_alpha': 0.0, 'classifier__reg_lambda': 1.0, 'classifier__scale_pos_weight': 8, 'classifier__subsample': 0.9}",0.8788052869735165,0.8619748582067223,0.8521932707911528,0.8746913276721436,0.8669161859108837,0.010523598512247335,48,0.8732205935040411,0.8799174627194629,0.8847828423831667,0.8766524168169105,0.8786433288558952,0.004262828664662178,0.978962010809058,0.9786913688301533,0.973477790188001,0.9779506285628455,0.9772704495975145,0.002220771241006807,17,0.981697910662768,0.9819168685654335,0.9836733768689786,0.9822617200376235,0.9823874690337009,0.0007691435689291362,0.7862889122070654,0.7664207938180541,0.7790613718411552,0.7847295864262991,0.7791251660731434,0.007812392883522745,22,0.7770850488177862,0.7834350070389489,0.7940234791889007,0.7848581939005578,0.7848504322365484,0.00605081520879367,0.7312947299934938,0.7154098360655737,0.7456807187284036,0.7370517928286853,0.7323592694040391,0.011044198961945466,24,0.728656518861681,0.7328797190517998,0.7496641289744738,0.7414798206278027,0.7381700468789393,0.00808645950557652,0.8502269288956127,0.8252647503782148,0.8155706727135299,0.8390022675736961,0.8325161548902633,0.013185914901990062,18,0.8324092741935484,0.8414818548387096,0.8439626922107386,0.8336274262667003,0.8378703118774242,0.004949377525946229,0.9898063030747927,0.988905387143596,0.9897896194464372,0.9898396703315037,0.9895852449990824,0.0003929295550771612,24,0.9894615080887792,0.9897340073519189,0.9903401791821685,0.9899175272638293,0.9898633054716739,0.0003195730273265795
5.1589831709861755,0.10570316932770198,0.5569109320640564,0.04899498634220612,0.9,0.6,0.1,4,7,90,0.1,0.0,8,0.9,"{'classifier__colsample_bytree': 0.9, 'classifier__gamma': 0.6, 'classifier__learning_rate': 0.1, 'classifier__max_depth': 4, 'classifier__min_child_weight': 7, 'classifier__n_estimators': 90, 'classifier__reg_alpha': 0.1, 'classifier__reg_lambda': 0, 'classifier__scale_pos_weight': 8, 'classifier__subsample': 0.9}",0.8788429308141975,0.8613712307898782,0.8530866924978193,0.8755952980265705,0.8672240380321165,0.010478508418987294,41,0.8734009624611505,0.8802993520757519,0.8846882885237115,0.8766871174031294,0.8787689301159358,0.004199107531631445,0.9792158703398253,0.9786355757394014,0.9730077194579816,0.9782695367396765,0.9772821755692211,0.0024908193739381183,15,0.9815233206059855,0.9822922120717481,0.9834262026231622,0.9823090274405586,0.9823876906853636,0.0006784074643633206,0.7851903597624869,0.7677123722241804,0.7774566473988439,0.7871287128712872,0.7793720230641996,0.007642568291297907,19,0.7762632197414806,0.786268516341406,0.7941980739507788,0.7835538752362949,0.7850709213174901,0.006415141948880919,0.7293964957819598,0.7188118811881188,0.744636678200692,0.7395348837209302,0.7330949847229251,0.00990415133254327,18,0.7272126816380449,0.7368884971353019,0.7515751575157515,0.7373804758728041,0.7382642030404756,0.008688946639202933,0.8502269288956127,0.8237518910741302,0.8133030990173847,0.8412698412698413,0.8321379400642422,0.014454066828190726,34,0.8324092741935484,0.842741935483871,0.8419460549533653,0.8358961431812453,0.8382483519530075,0.004286403376219621,0.9897395685613707,0.989005488913729,0.9897228849330152,0.9899564557299921,0.9896060995345268,0.00035879499437103544,18,0.9894114572037127,0.9898897212165702,0.9903735464388795,0.9898118642842445,0.9898716472858518,0.00034189850312700066
3.1605620980262756,0.1492053931477063,0.5034598708152771,0.022505024442325015,0.9,0.6,0.1,4,7,90,0.1,1.0,8,0.9,"{'classifier__colsample_bytree': 0.9, 'classifier__gamma': 0.6, 'classifier__learning_rate': 0.1, 'classifier__max_depth': 4, 'classifier__min_child_weight': 7, 'classifier__n_estimators': 90, 'classifier__reg_alpha': 0.1, 'classifier__reg_lambda': 1.0, 'classifier__scale_pos_weight': 8, 'classifier__subsample': 0.9}",0.8798485600512085,0.8623022495001291,0.8531192046803786,0.8751185744338164,0.8675971471663833,0.010539399244476765,23,0.8732767832409425,0.8806391963424124,0.884933354029929,0.8767026947011208,0.8788880070786013,0.004355292950626119,0.979394341126248,0.9784726614629593,0.9729201296398942,0.9785899923258812,0.9773442811387456,0.0025788030631949768,10,0.9812596537702618,0.9820323910655843,0.9836966023145599,0.9820442542072467,0.9822582253394132,0.000889221325934398,0.7868623340321453,0.7658827658827659,0.7797101449275362,0.7861435136090491,0.7796496896128742,0.008422051909241432,15,0.7792883319541317,0.7858652265790091,0.7927842392594351,0.7844950213371266,0.7856082047824255,0.004815119442128175,0.7311688311688311,0.7144728225278324,0.7487821851078637,0.7383798140770252,0.733200913220388,0.01249467672818273,17,0.7339122689824092,0.7356043956043956,0.7490468714958511,0.7404341015887224,0.7397494094178446,0.00587717943484603,0.8517397881996974,0.8252647503782148,0.8133030990173847,0.8405139833711263,0.8327054052416059,0.014620999099024201,10,0.8306451612903226,0.8434979838709677,0.8419460549533653,0.8341315855810436,0.8375551964239247,0.005340085627061647,0.9898229867031482,0.988872019886885,0.9898563539598592,0.9899064048449256,0.9896144413487045,0.000429664167225863,16,0.9896172219534304,0.9898563539598592,0.9902901282971021,0.9898897212165702,0.9899133563567405,0.00024158878956231727
3.572270393371582,0.14750053829322143,0.5625079870223999,0.07552839458319614,0.9,0.6,0.1,4,7,100,0.0,0.0,8,0.9,"{'classifier__colsample_bytree': 0.9, 'classifier__gamma': 0.6, 'classifier__learning_rate': 0.1, 'classifier__max_depth': 4, 'classifier__min_child_weight': 7, 'classifier__n_estimators': 100, 'classifier__reg_alpha': 0.0, 'classifier__reg_lambda': 0, 'classifier__scale_pos_weight': 8, 'classifier__subsample': 0.9}",0.8793440358510484,0.8625193899243501,0.8530471716758512,0.8762605021417075,0.8677927748982394,0.010611025371572338,16,0.8761853775358467,0.8822479192173135,0.8867957616182159,0.8793212196533597,0.881137569506184,0.003907407918191862,0.9791495406332298,0.9787382641908083,0.9734367129166696,0.9783816401012584,0.9774265394604915,0.0023194982158411858,5,0.9822111314940476,0.9825905673298976,0.9844167609964465,0.9830589411263911,0.9830693502366957,0.0008338759780602965,0.7889200561009818,0.7683098591549296,0.7781397032211365,0.7864693446088795,0.7804597407714818,0.008073017888130266,9,0.7798445961855427,0.7857310490495188,0.7938913223629691,0.7853935239896006,0.7862151228969078,0.005010414181412315,0.7352941176470589,0.7187088274044796,0.7465277777777778,0.7366336633663366,0.7342910965489131,0.00998795712100118,12,0.7317719840919134,0.7351778656126482,0.7484375,0.739265850945495,0.7386633001625141,0.006235714495859696,0.850983358547655,0.8252647503782148,0.8125472411186697,0.8435374149659864,0.8330831912526315,0.015104304421670819,9,0.8346774193548387,0.84375,0.8452230904965969,0.8376607007814469,0.8403278026582206,0.004321907610155014,0.9899564557299921,0.9890221725420845,0.9897729358180817,0.9898897212165702,0.9896603213266821,0.0003742445020508198,9,0.9896005383250749,0.9898452315409555,0.9903179343443612,0.9899008436354738,0.9899161369614664,0.0002580237879881676
3.6165027022361755,0.2720453010964289,0.5518003106117249,0.05677529889898047,0.9,0.6,0.1,4,7,100,0.0,1.0,8,0.9,"{'classifier__colsample_bytree': 0.9, 'classifier__gamma': 0.6, 'classifier__learning_rate': 0.1, 'classifier__max_depth': 4, 'classifier__min_child_weight': 7, 'classifier__n_estimators': 100, 'classifier__reg_alpha': 0.0, 'classifier__reg_lambda': 1.0, 'classifier__scale_pos_weight': 8, 'classifier__subsample': 0.9}",0.879243594929948,0.8625960992942887,0.8529200138110868,0.8759371012187095,0.8676742023135082,0.010554614541394874,21,0.8752705486390818,0.8823796072586433,0.887126047889283,0.8792865949716466,0.8810156996896636,0.004335699559966678,0.979130132096514,0.9787374641048534,0.9735969342622329,0.9783069518088235,0.977442870568106,0.0022394578780380345,3,0.9823305413848007,0.9826319220002077,0.9845406441355571,0.982940734617604,0.9831109605345425,0.0008531564962638718,0.788218793828892,0.7664207938180541,0.778179190751445,0.7844797178130511,0.7793246240528606,0.008268949447449868,20,0.7805165703502771,0.7857646229739254,0.7948292220113852,0.7867489907385419,0.7869648515185323,0.005121420645420489,0.734640522875817,0.7154098360655737,0.7453287197231834,0.7354497354497355,0.7327072035285774,0.010836982943119602,23,0.7335402349811572,0.7358117025956885,0.7505039193729003,0.743658810325477,0.7408786668188057,0.0067063662463728085,0.8502269288956127,0.8252647503782148,0.8140589569160998,0.8405139833711263,0.8325161548902634,0.013882433150682619,16,0.8339213709677419,0.8429939516129032,0.8447189311822536,0.8351399042097303,0.8391935394931571,0.0047223089047962515,0.9899230884732811,0.988905387143596,0.9897562521897262,0.9898063030747927,0.989597757720349,0.00040429839723893205,21,0.9896505892101414,0.9898563539598592,0.9903791076483314,0.9900120678245105,0.9899745296607106,0.0002664560815572891
3.2131080627441406,0.04315349021352633,0.5264784097671509,0.012285495427714581,0.9,0.6,0.1,4,7,100,0.1,0.0,8,0.9,"{'classifier__colsample_bytree': 0.9, 'classifier__gamma': 0.6, 'classifier__learning_rate': 0.1, 'classifier__max_depth': 4, 'classifier__min_child_weight': 7, 'classifier__n_estimators': 100, 'classifier__reg_alpha': 0.1, 'classifier__reg_lambda': 0, 'classifier__scale_pos_weight': 8, 'classifier__subsample': 0.9}",0.8792951856029808,0.8614578312168508,0.8528731019528463,0.8765814489117046,0.8675518919210956,0.010863267196666242,28,0.8758779075880186,0.8820424984778755,0.8869977522225692,0.879344921702508,0.8810657699977429,0.0040625622111236555,0.9791399008879327,0.9787486330466936,0.972776697686035,0.9785807465548735,0.9773114945438838,0.002626015043967424,11,0.9824028239197705,0.9828141291928614,0.9843294863889528,0.9830391718312415,0.9831464028332065,0.0007201563302913039,0.7884952648193616,0.7679830747531735,0.7779789931184353,0.7883934890304317,0.7807127054303505,0.008501166795452311,5,0.7798327247025563,0.7868312757201646,0.7963315864697474,0.7852325168619099,0.7870570259385945,0.005949533551612874,0.7351209941137998,0.7192866578599736,0.7468706536856745,0.7411842980705257,0.7356156509324934,0.010302495062516523,5,0.7321389073213891,0.7374917346264052,0.7547979227816662,0.739964317573595,0.7410982205757639,0.008400053741519623,0.8502269288956127,0.8237518910741302,0.8117913832199547,0.8420256991685563,0.8319489755895635,0.015076012899951464,38,0.8341733870967742,0.8432459677419355,0.8427022939248803,0.8364003024955886,0.8391304878147947,0.003928159025693552,0.9899397721016366,0.9890221725420845,0.9897729358180817,0.9900231902434141,0.9896895176763042,0.00039568698929348054,5,0.9896060995345267,0.9899175272638293,0.990490331837368,0.9899064048449256,0.9899800908701624,0.0003199840616726367
3.2965147495269775,0.02995477941870305,0.5126211047172546,0.00671242847307775,0.9,0.6,0.1,4,7,100,0.1,1.0,8,0.9,"{'classifier__colsample_bytree': 0.9, 'classifier__gamma': 0.6, 'classifier__learning_rate': 0.1, 'classifier__max_depth': 4, 'classifier__min_child_weight': 7, 'classifier__n_estimators': 100, 'classifier__reg_alpha': 0.1, 'classifier__reg_lambda': 1.0, 'classifier__scale_pos_weight': 8, 'classifier__subsample': 0.9}",0.8803855313183518,0.8625556033249517,0.8532114490587568,0.8763027175403062,0.8681138253105917,0.010846973931512875,2,0.8751951727260775,0.8828234716340443,0.8871516742563598,0.8792094425863555,0.8810949403007092,0.004416848589360986,0.979511521457131,0.9784999869792462,0.9725934199408044,0.9788191636541186,0.9773560230078251,0.002773895981183375,9,0.981886888005912,0.9826448453346796,0.984451075940054,0.9827817144269337,0.9829411309268947,0.0009360236177336721,0.7889200561009818,0.7679324894514767,0.7774158523344191,0.7864214992927864,0.780172474294916,0.008261154496777962,11,0.7807587755584446,0.7883280385927757,0.7938278931750742,0.7868930309865844,0.7874519345782197,0.004651106243730162,0.7352941176470589,0.7174770039421814,0.7458333333333333,0.7388704318936877,0.7343687217040654,0.010462901139738346,11,0.7351435566436679,0.7393511366144339,0.7501121579183491,0.7437163375224417,0.7420807971747231,0.005539722479136137,0.850983358547655,0.8260211800302572,0.8117913832199547,0.8405139833711263,0.8323274762922483,0.014803389241133502,21,0.8324092741935484,0.8442540322580645,0.8429543735820519,0.8353919838669019,0.8387524159751418,0.004986285718605477,0.9899564557299921,0.9889888052853735,0.9897395685613707,0.9899230884732811,0.9896519795125044,0.0003916879282799914,11,0.9896839564668524,0.989995384196155,0.9903401791821685,0.9900176290339623,0.9900092872197845,0.00023215968077143256
3.681955575942993,0.15353875217606502,0.558618426322937,0.030963787236048715,0.9,0.6,0.1,4,7,110,0.0,0.0,8,0.9,"{'classifier__colsample_bytree': 0.9, 'classifier__gamma': 0.6, 'classifier__learning_rate': 0.1, 'classifier__max_depth': 4, 'classifier__min_child_weight': 7, 'classifier__n_estimators': 110, 'classifier__reg_alpha': 0.0, 'classifier__reg_lambda': 0, 'classifier__scale_pos_weight': 8, 'classifier__subsample': 0.9}",0.8792441132002754,0.862498347951425,0.853320766781587,0.8766101252746922,0.8679183383019948,0.010562737896953686,9,0.878035753463906,0.883600252586562,0.8890236056196633,0.881283634649405,0.8829858115798841,0.00400727389479732,0.9793739260297821,0.9787717000409618,0.9733746424581691,0.9781338482802246,0.9774135292022843,0.0023727225635402508,6,0.9832012101108006,0.9830712515975492,0.9850864155871095,0.9836361404676439,0.9837487544407758,0.0008001303245758668,0.7887719298245615,0.7685250529287226,0.7774158523344191,0.7860415932322876,0.7801886070799977,0.00793185887032632,10,0.7817390281209554,0.7872740079830947,0.7961579509071505,0.7867455621301775,0.7879791372853444,0.005192563664512647,0.7356020942408377,0.7202380952380952,0.7458333333333333,0.7364597093791282,0.7345333080478486,0.009177377168126676,10,0.7331714853233282,0.7369230769230769,0.751679355127631,0.741467767120232,0.740810421123567,0.006928755574366926,0.8502269288956127,0.8237518910741302,0.8117913832199547,0.8427815570672713,0.8321379400642422,0.015205313980077807,34,0.8371975806451613,0.8450100806451613,0.8462314091252836,0.8379127804386186,0.8415879627135563,0.00406370844109467,0.9899564557299921,0.9890555397987955,0.9897395685613707,0.9898730375882147,0.9896561504195932,0.0003552868656308203,10,0.9896839564668524,0.9899230884732811,0.9904402809523015,0.9899787005677995,0.9900065066150586,0.0002738295712665913
3.7091150879859924,0.08913975364835378,0.6690530180931091,0.06768161432108097,0.9,0.6,0.1,4,7,110,0.0,1.0,8,0.9,"{'classifier__colsample_bytree': 0.9, 'classifier__gamma': 0.6, 'classifier__learning_rate': 0.1, 'classifier__max_depth': 4, 'classifier__min_child_weight': 7, 'classifier__n_estimators': 110, 'classifier__reg_alpha': 0.0, 'classifier__reg_lambda': 1.0, 'classifier__scale_pos_weight': 8, 'classifier__subsample': 0.9}",0.879324015316257,0.8625943182681192,0.8529820071930688,0.8760003856994956,0.8677251816192351,0.0105676262304895,18,0.8775606206682354,0.883669174099299,0.8894787634876861,0.8810690918852526,0.8829444125351182,0.00435100747247015,0.979015068122028,0.9786377566188595,0.9734445337815456,0.9779319435946587,0.977257325529273,0.0022353824874708256,18,0.9831715684887457,0.9831896109971274,0.9854693946124622,0.9836432885780249,0.98386846566909,0.0009434229631618942,0.7901581722319859,0.7679324894514767,0.7771345875542692,0.784756527875794,0.7799954442783815,0.008361344641150221,14,0.7819726285983954,0.7862425167273154,0.7973406149827852,0.7881305637982196,0.7884215810266789,0.005611843867670875,0.7380170715692712,0.7174770039421814,0.7453157529493407,0.7359364659166115,0.7341865735943512,0.010256743988123268,14,0.7351375332741792,0.7358822236871018,0.7535906642728905,0.7447285778375954,0.7423347497679417,0.007514337000890103,0.8502269288956127,0.8260211800302572,0.8117913832199547,0.8405139833711263,0.8321383688792378,0.014566800836284316,29,0.8351814516129032,0.8440020161290323,0.8464834887824553,0.8369044618099319,0.8406428545835807,0.004722273739198561,0.9900398738717696,0.9889888052853735,0.9897228849330152,0.9898229867031482,0.9896436376983266,0.00039504897922126457,14,0.9897228849330152,0.9898730375882147,0.9905070154657235,0.9900732411284806,0.9900440447788584,0.000294780167905471
3.9851039052009583,0.22261129531126495,0.6914904117584229,0.06091006780344218,0.9,0.6,0.1,4,7,110,0.1,0.0,8,0.9,"{'classifier__colsample_bytree': 0.9, 'classifier__gamma': 0.6, 'classifier__learning_rate': 0.1, 'classifier__max_depth': 4, 'classifier__min_child_weight': 7, 'classifier__n_estimators': 110, 'classifier__reg_alpha': 0.1, 'classifier__reg_lambda': 0, 'classifier__scale_pos_weight': 8, 'classifier__subsample': 0.9}",0.8793565616400006,0.8613563371294279,0.8526467321037231,0.8765143026475525,0.867468483380176,0.010956686241986232,33,0.8778178239643234,0.8836264610796866,0.8894151227097332,0.881111627527836,0.8829927588203949,0.004241666600079981,0.9791292545828859,0.9787800170635106,0.9727928165336772,0.978290007676182,0.977248023964064,0.002589432119309071,19,0.9830595091699368,0.9834239328706502,0.9852105438534386,0.9837270876829378,0.9838552683942409,0.000817386833456192,0.789732770745429,0.767277856135402,0.7781397032211365,0.7913567127169677,0.7816267607047338,0.009726638643101864,3,0.7813898704358069,0.7893496701225259,0.7978116079923881,0.7865514383804901,0.7887756467328029,0.005947160941164294,0.7378449408672799,0.7186261558784677,0.7465277777777778,0.7446666666666667,0.736916385297548,0.011043555070245696,3,0.7335249889429456,0.7411504424778761,0.7552353073632064,0.7415178571428571,0.7428571489817213,0.007826470558725184,0.8494704992435703,0.8229954614220878,0.8125472411186697,0.8442932728647015,0.8323266186622573,0.015127852835413728,28,0.8359375,0.8442540322580645,0.8454751701537686,0.8374086211242753,0.8407688308840271,0.0041511753058618445,0.9900231902434141,0.9889888052853735,0.9897729358180817,0.9901733428986136,0.9897395685613707,0.00045644285090856284,3,0.9896783952574005,0.9900565575001251,0.9905459439318863,0.9899731393583476,0.9900635090119398,0.00031195795138368545
4.12838089466095,0.16019005605427303,0.6037821769714355,0.010466787230485823,0.9,0.6,0.1,4,7,110,0.1,1.0,8,0.9,"{'classifier__colsample_bytree': 0.9, 'classifier__gamma': 0.6, 'classifier__learning_rate': 0.1, 'classifier__max_depth': 4, 'classifier__min_child_weight': 7, 'classifier__n_estimators': 110, 'classifier__reg_alpha': 0.1, 'classifier__reg_lambda': 1.0, 'classifier__scale_pos_weight': 8, 'classifier__subsample': 0.9}",0.879759863903013,0.8624881104019605,0.8531763789321485,0.8765355533582362,0.8679899766488395,0.010738602525266476,5,0.8773559207790442,0.8844647837954537,0.8892249765342443,0.8808815598529356,0.8829818102404194,0.004394258181394783,0.9793137453708898,0.9785397977078157,0.97277987632279,0.9783213427159985,0.9772386905293735,0.0026005716857610936,20,0.9828399156699508,0.9835185444339251,0.9851824567180232,0.9833263656040927,0.9837168206064979,0.0008815923134676611,0.7887915936952714,0.769774011299435,0.7793904208998549,0.7866761162296244,0.7811580355310465,0.007440445114926644,4,0.7810804435008256,0.7883349012229539,0.7944457631141705,0.7877638131373014,0.7879062302438129,0.004731830942241412,0.7345075016307893,0.7218543046357616,0.749476622470342,0.7404936624416277,0.7365830227946302,0.010034701561968853,4,0.7341463414634146,0.7389770723104057,0.7506167302085669,0.7436758450861876,0.7418539972671436,0.006078430580213918,0.8517397881996974,0.8245083207261724,0.8117913832199547,0.8390022675736961,0.8317604399298801,0.015024770245650952,41,0.8344254032258065,0.844758064516129,0.8437106125535669,0.8374086211242753,0.8400756753549445,0.004306282912714619,0.9899397721016366,0.9891222743122174,0.9898563539598592,0.9899564557299921,0.9897187140259264,0.00034643645672440107,4,0.9896783952574005,0.9899898229867031,0.9903679852294277,0.9900454350812214,0.9900204096386882,0.000244614208673138
4.161839187145233,0.34782316756331993,0.6718546748161316,0.08618359295401777,0.9,0.6,0.1,5,7,90,0.0,0.0,8,0.9,"{'classifier__colsample_bytree': 0.9, 'classifier__gamma': 0.6, 'classifier__learning_rate': 0.1, 'classifier__max_depth': 5, 'classifier__min_child_weight': 7, 'classifier__n_estimators': 90, 'classifier__reg_alpha': 0.0, 'classifier__reg_lambda': 0, 'classifier__scale_pos_weight': 8, 'classifier__subsample': 0.9}",0.8791769632823625,0.8617915491570157,0.8524631061746869,0.8742667404781359,0.8669245897730502,0.010482252231980951,47,0.8843136170384046,0.8909622134020376,0.8943722339522509,0.8870571683885184,0.889176308195303,0.0038184951449239998,0.9785623291606786,0.978598733071633,0.9724731991275499,0.9773218323163243,0.9767390234190465,0.002515943506721717,36,0.9853078533608105,0.9859494340383492,0.9866624646223009,0.9859690864474107,0.9859722096172179,0.00047915281712941605,0.7859649122807018,0.7614390499476074,0.7744711366081033,0.7785564120532585,0.7751078777224177,0.008902385641147644,47,0.7872716558632882,0.79012056654571,0.7944496707431796,0.7878430910590175,0.7899212460527989,0.002823358602173751,0.7329842931937173,0.7073329007138222,0.7366984993178718,0.7256694970607446,0.7256712975715389,0.011306810844323894,46,0.7394288244410007,0.7377049180327869,0.7445448534273749,0.7394957983193278,0.7402935985551226,0.002557281482368453,0.8472012102874432,0.8245083207261724,0.8163265306122449,0.8397581254724111,0.831948546774568,0.012176181834855991,40,0.8417338709677419,0.850554435483871,0.8515250819258886,0.8429543735820519,0.8466919404898885,0.004382635722254222,0.9898229867031482,0.9886050818331971,0.9895059977643939,0.9894559468793274,0.9893475032950165,0.00045115258122391635,47,0.989962016939444,0.990028751452866,0.9902790058781984,0.9899842617772513,0.9900635090119398,0.00012671597399826925
4.1121333837509155,0.29288844600057456,0.7414395809173584,0.1061130982833464,0.9,0.6,0.1,5,7,90,0.0,1.0,8,0.9,"{'classifier__colsample_bytree': 0.9, 'classifier__gamma': 0.6, 'classifier__learning_rate': 0.1, 'classifier__max_depth': 5, 'classifier__min_child_weight': 7, 'classifier__n_estimators': 90, 'classifier__reg_alpha': 0.0, 'classifier__reg_lambda': 1.0, 'classifier__scale_pos_weight': 8, 'classifier__subsample': 0.9}",0.8793303475539993,0.8606544388250411,0.8522509650569848,0.8759694320272544,0.8670512958658199,0.011071109192465553,45,0.88369148813287,0.889895668013173,0.8938408001324747,0.8857072332637784,0.8882837973855741,0.003911725750719654,0.9788384943135955,0.9780051660775841,0.9719864228238343,0.9782455970271583,0.976768920060543,0.0027777822307736076,33,0.9849006196367338,0.9855801734921861,0.9871017591174961,0.9855129613167031,0.9857738783907798,0.0008110868299982605,0.7882394119705985,0.7570582084349947,0.7718289615522818,0.7843275679491705,0.7753635374767613,0.012183188053467187,46,0.7880716643092881,0.7893383212532149,0.7960293074923186,0.7889583579096379,0.7905994127411149,0.0031684650007740432,0.7335504885993486,0.7020038784744667,0.7356164383561644,0.7357615894039735,0.7267330987084883,0.014304182131820633,43,0.7402568644818424,0.7361535106846926,0.7492769744160178,0.7414634146341463,0.7417876910541747,0.004750840423045771,0.8517397881996974,0.8214826021180031,0.8117913832199547,0.8397581254724111,0.8311929747525166,0.015542252413865627,47,0.8424899193548387,0.8508064516129032,0.8490042853541719,0.8429543735820519,0.8463137574759916,0.0036513846344485837,0.9899064048449256,0.9883715110362201,0.9894058959942609,0.9898063030747927,0.9893725287375499,0.0006075223629367607,43,0.9900009454056068,0.9899787005677995,0.9904013524861387,0.9900509962906733,0.9901079986875545,0.00017137979266963288
4.135862231254578,0.1911535724940667,0.7218359112739563,0.04398374329019503,0.9,0.6,0.1,5,7,90,0.1,0.0,8,0.9,"{'classifier__colsample_bytree': 0.9, 'classifier__gamma': 0.6, 'classifier__learning_rate': 0.1, 'classifier__max_depth': 5, 'classifier__min_child_weight': 7, 'classifier__n_estimators': 90, 'classifier__reg_alpha': 0.1, 'classifier__reg_lambda': 0, 'classifier__scale_pos_weight': 8, 'classifier__subsample': 0.9}",0.8786186231443612,0.8624282215399849,0.8517952334104375,0.8758206477301141,0.8671656814562244,0.010779291652286827,43,0.884605328044037,0.8906091868643133,0.8944380809225954,0.8870876562758857,0.8891850630267079,0.003707944623010297,0.9785111494687804,0.9781232884451561,0.9724371960694562,0.9779189840411544,0.9767476545061367,0.002497716358566672,35,0.98547735505618,0.9859915024120768,0.9870816450673988,0.9858567902282256,0.9861018231909703,0.0005962849964537852,0.7848898216159497,0.7608089260808926,0.7697228144989339,0.7825475017593244,0.7744922659887751,0.009784904763051173,48,0.7846822506754376,0.7885847408270239,0.7934642059480428,0.7876575197267696,0.7885971792943185,0.0031582324707559967,0.7299934938191281,0.7056921086675291,0.7263581488933601,0.7320605661619487,0.7235260793854915,0.010496857187516594,48,0.7348734873487349,0.7331600606454408,0.7433920704845814,0.7391688770999116,0.7376486238946672,0.003973252176433313,0.848714069591528,0.8252647503782148,0.81859410430839,0.8405139833711263,0.8332717269123148,0.01194215751610987,8,0.8417338709677419,0.8530745967741935,0.8507688429543736,0.8429543735820519,0.8471329210695904,0.004876818615624348,0.9897395685613707,0.9885550309481306,0.9891890088256394,0.9896895176763042,0.9892932815028612,0.000477509663910813,48,0.9898063030747927,0.9899064048449256,0.9902289549931319,0.9899731393583476,0.9899787005677995,0.00015620961205213365
3.8331174850463867,0.1884473057659129,0.7951871156692505,0.21770011931008523,0.9,0.6,0.1,5,7,90,0.1,1.0,8,0.9,"{'classifier__colsample_bytree': 0.9, 'classifier__gamma': 0.6, 'classifier__learning_rate': 0.1, 'classifier__max_depth': 5, 'classifier__min_child_weight': 7, 'classifier__n_estimators': 90, 'classifier__reg_alpha': 0.1, 'classifier__reg_lambda': 1.0, 'classifier__scale_pos_weight': 8, 'classifier__subsample': 0.9}",0.8793639376278393,0.8620864378240173,0.8526751373642852,0.8753983890462085,0.8673809754655877,0.010632075359547641,36,0.8834029192842034,0.8905069426669676,0.8941133549468542,0.8869273129736057,0.8887376324679077,0.0039926580173797015,0.978549682640744,0.9784459489157505,0.9728519469143677,0.9781090574925511,0.9769891589908534,0.002394168298547195,24,0.9851083732556287,0.9860164820316881,0.9870668213213948,0.9852800711069623,0.9858679369289185,0.0007716723126570338,0.7862889122070654,0.7614390499476074,0.7745872218234028,0.7795303189624956,0.7754613757351427,0.009099197912335825,45,0.7834567030901187,0.7883109292811221,0.7950983857664664,0.7883211678832117,0.7887967965052297,0.004143938779862408,0.7312947299934938,0.7073329007138222,0.7375256322624744,0.726797385620915,0.7257376621476763,0.011288218412876416,44,0.7338762931983271,0.7351209941137998,0.7464601769911504,0.7395626242544732,0.7387550221394377,0.004925184977161592,0.8502269288956127,0.8245083207261724,0.8155706727135299,0.8405139833711263,0.8327049764266103,0.013497860350710026,12,0.8402217741935484,0.8497983870967742,0.8505167632972019,0.8439626922107386,0.8461249041995658,0.004251617559298565,0.9898063030747927,0.9886050818331971,0.9895226813927493,0.9895059977643939,0.9893600160162832,0.0004519038766339815,44,0.9897506909802744,0.989928649682733,0.9903290567632649,0.9900009454056068,0.9900023357079698,0.00020946555815092317
4.4461949467659,0.3090723856020437,0.7647448778152466,0.08223192335382418,0.9,0.6,0.1,5,7,100,0.0,0.0,8,0.9,"{'classifier__colsample_bytree': 0.9, 'classifier__gamma': 0.6, 'classifier__learning_rate': 0.1, 'classifier__max_depth': 5, 'classifier__min_child_weight': 7, 'classifier__n_estimators': 100, 'classifier__reg_alpha': 0.0, 'classifier__reg_lambda': 0, 'classifier__scale_pos_weight': 8, 'classifier__subsample': 0.9}",0.8799079983568531,0.8621683173389736,0.8523128838909004,0.87559514732946,0.8674960867290468,0.0109380655049663,30,0.8880634000497661,0.8935106056558327,0.8985302686831297,0.8911844553274287,0.8928221824290393,0.0038204821363263418,0.9787194492662528,0.9783791610954229,0.9723062336561331,0.9778237280991284,0.9768071430292343,0.002618195291310639,32,0.9864299520618313,0.9866904824719944,0.9883404693784856,0.9870728341057111,0.9871334345045055,0.0007334336448505203,0.7909604519774012,0.7632039174536551,0.7737540337038366,0.7818437719915552,0.7774405437816121,0.010228003495878626,34,0.7908951527302748,0.7936247509668346,0.7997169143665959,0.7926267281105991,0.7942158865435761,0.003322779181785625,0.7417218543046358,0.7098243331164606,0.7360163710777626,0.7314022383146808,0.7297411992033849,0.012066010985013208,33,0.7432941698071381,0.7417305585980285,0.7514963422744403,0.7459964412811388,0.7456293779901864,0.0037151714389485994,0.8472012102874432,0.8252647503782148,0.8155706727135299,0.8397581254724111,0.8319486897128998,0.012314028144967466,39,0.8450100806451613,0.8533266129032258,0.8545500378119486,0.8454751701537686,0.8495904753785262,0.004372405977858111,0.9901232920135471,0.98870518360333,0.9894726305076829,0.9896561504195932,0.9894893141360384,0.0005111020765124646,34,0.9901399756419026,0.9902067101553246,0.99055706635079,0.9902400774120356,0.9902859573900131,0.00016062054350232105
4.521455407142639,0.16797050259429605,0.6942367553710938,0.022240242561427263,0.9,0.6,0.1,5,7,100,0.0,1.0,8,0.9,"{'classifier__colsample_bytree': 0.9, 'classifier__gamma': 0.6, 'classifier__learning_rate': 0.1, 'classifier__max_depth': 5, 'classifier__min_child_weight': 7, 'classifier__n_estimators': 100, 'classifier__reg_alpha': 0.0, 'classifier__reg_lambda': 1.0, 'classifier__scale_pos_weight': 8, 'classifier__subsample': 0.9}",0.8798381127741639,0.860664529956442,0.8523343931231626,0.877384184899713,0.8675553051883703,0.0114742449202923,27,0.8868528202463808,0.8929220310641506,0.8974432383881713,0.8896954045470113,0.8917283735614285,0.003936638202934064,0.9790503557840291,0.9778945412896874,0.971420657719133,0.9785818426365133,0.9767368493573407,0.0030967102032193267,37,0.9858792102081165,0.9864937926892097,0.9884831004493353,0.9865682476106009,0.9868560877393157,0.0009766741668229184,0.7880910683012259,0.7598741698706746,0.7718289615522818,0.7871287128712872,0.7767307281488673,0.011676325271874677,40,0.7906482465462275,0.7927527761542957,0.7978283960816712,0.7925733207190161,0.7934506848753026,0.0026587055327841726,0.7338551859099804,0.7063027940220923,0.7356164383561644,0.7395348837209302,0.7288273255022918,0.013166033524090046,35,0.7438347033992446,0.7392631349465881,0.7501109631602308,0.7464914234796168,0.7449250562464201,0.003955798243236664,0.850983358547655,0.8222390317700454,0.8117913832199547,0.8412698412698413,0.8315709037018741,0.015404756224406235,45,0.84375,0.8545866935483871,0.8520292412402319,0.8447189311822536,0.8487712164927181,0.004638645544352791,0.9899064048449256,0.9885383473197751,0.9894058959942609,0.9899564557299921,0.9894517759722384,0.0005696152089980178,36,0.9901399756419026,0.9901399756419026,0.9904736482090125,0.9902456386214874,0.9902498095285763,0.00013624253800582572
4.233212411403656,0.18546336517713807,0.732963502407074,0.05944516065224241,0.9,0.6,0.1,5,7,100,0.1,0.0,8,0.9,"{'classifier__colsample_bytree': 0.9, 'classifier__gamma': 0.6, 'classifier__learning_rate': 0.1, 'classifier__max_depth': 5, 'classifier__min_child_weight': 7, 'classifier__n_estimators': 100, 'classifier__reg_alpha': 0.1, 'classifier__reg_lambda': 0, 'classifier__scale_pos_weight': 8, 'classifier__subsample': 0.9}",0.8789504793189722,0.8622414939288168,0.8511892404928195,0.8766174590700795,0.867249668202672,0.011265918008483816,40,0.8879612999047484,0.8933562554225297,0.8978507676536703,0.8910823328542097,0.8925626639587896,0.0036040865498813295,0.9785314613283487,0.9779896353768278,0.9720516977092462,0.9783479646047643,0.9767301897547968,0.0027081481607367335,38,0.9865181266795248,0.9868579369277417,0.9885121172046409,0.9870201396379386,0.9872270801124616,0.0007637123720961024,0.7832167832167832,0.7615062761506276,0.7731332618792426,0.7840508115737473,0.7754767832051002,0.009139047026509894,44,0.7874794069192751,0.7932124049151551,0.7955775111738415,0.790571596935769,0.7917102299860101,0.0030169828615946997,0.7282184655396619,0.7063389391979301,0.7330623306233063,0.7352746525479815,0.7257235969772199,0.01147899168490005,45,0.7386313465783665,0.7404413371203845,0.745755237045204,0.7423638778220452,0.7417979496414999,0.0026385683046371523,0.8472012102874432,0.8260211800302572,0.817838246409675,0.8397581254724111,0.8327046905499467,0.011462771293928968,14,0.8432459677419355,0.8540826612903226,0.8525334005545753,0.8454751701537686,0.8488342999351506,0.004575528709804552,0.9896561504195932,0.9885883982048416,0.9894058959942609,0.9897896194464372,0.9893600160162832,0.00046630293569123086,44,0.9899564557299921,0.9901733428986136,0.9903346179727167,0.9901177308040953,0.9901455368513544,0.0001351385339564539
4.323513329029083,0.29275166426640087,0.7110636830329895,0.047659922105987365,0.9,0.6,0.1,5,7,100,0.1,1.0,8,0.9,"{'classifier__colsample_bytree': 0.9, 'classifier__gamma': 0.6, 'classifier__learning_rate': 0.1, 'classifier__max_depth': 5, 'classifier__min_child_weight': 7, 'classifier__n_estimators': 100, 'classifier__reg_alpha': 0.1, 'classifier__reg_lambda': 1.0, 'classifier__scale_pos_weight': 8, 'classifier__subsample': 0.9}",0.8796595477506561,0.8616004929082014,0.8532268009613387,0.8769690057555343,0.8678639618439327,0.010903155430045185,13,0.8867020265538731,0.8929521332830221,0.8975236072371964,0.890569182818121,0.8919367374730531,0.003921624234740301,0.9783778319203686,0.9781128550662102,0.9724560486736586,0.978627388052411,0.9768935309281621,0.0025684338649960264,28,0.9860116810147233,0.9868340758734262,0.9883058318990644,0.9864364773957225,0.986897016545734,0.000863805177568043,0.7879425166491413,0.7628361858190709,0.7747035573122529,0.7839549612948628,0.777359305268832,0.009662828743371783,35,0.7851433944522802,0.7915740198946752,0.7982062780269058,0.790757986561358,0.7914204197338048,0.004634418244945203,0.7341606792945787,0.7086307592472421,0.7383561643835617,0.7333772218564846,0.7286312061954668,0.011701414736019896,36,0.73568281938326,0.738911951059646,0.7503882848901708,0.7426926483613817,0.7419189259236146,0.005483147142159409,0.8502269288956127,0.8260211800302572,0.8148148148148148,0.8420256991685563,0.8332721557273103,0.013759895876111346,6,0.8417338709677419,0.8523185483870968,0.8525334005545753,0.8454751701537686,0.8480152475157956,0.0046054258656039754,0.9899064048449256,0.988671816346619,0.9895393650211048,0.9897562521897262,0.9894684596005939,0.0004780922149945894,35,0.9898341091220518,0.9900954859662879,0.990490331837368,0.9901288532229989,0.9901371950371767,0.0002336535384145814
4.268094062805176,0.10635057049116944,0.8183382749557495,0.08002511414338377,0.9,0.6,0.1,5,7,110,0.0,0.0,8,0.9,"{'classifier__colsample_bytree': 0.9, 'classifier__gamma': 0.6, 'classifier__learning_rate': 0.1, 'classifier__max_depth': 5, 'classifier__min_child_weight': 7, 'classifier__n_estimators': 110, 'classifier__reg_alpha': 0.0, 'classifier__reg_lambda': 0, 'classifier__scale_pos_weight': 8, 'classifier__subsample': 0.9}",0.8794256124322879,0.8620341530630202,0.8520390623778507,0.8757094340550815,0.86730206548206,0.010935885903652106,38,0.8912531046559983,0.8966310155207081,0.901323717389568,0.8945757360523771,0.8959458934046628,0.003649999333429071,0.9783432991781801,0.9781310054032386,0.9722656786354654,0.9777956232763793,0.9766339016233159,0.0025295419051290734,42,0.9874369968992825,0.9876162525413574,0.9892314136407852,0.9881454821440948,0.98810753630638,0.0006992000757356328,0.78969654199012,0.7667956384101301,0.7728740581270183,0.7809859154929577,0.7775880385050565,0.008614797378438442,32,0.7924528301886793,0.7973702747123738,0.8017943572187463,0.7933923303834808,0.7962524481258201,0.0036939024973647503,0.7400793650793651,0.7166337935568705,0.735655737704918,0.7310481212920237,0.7308542544082943,0.008809313252699446,28,0.7446808510638298,0.7463736263736264,0.7539964476021315,0.7457852706299911,0.7477090489173946,0.003680544821444754,0.846444780635401,0.8245083207261724,0.8140589569160998,0.8382464096749811,0.8308146169881636,0.012450452553760977,48,0.8467741935483871,0.8558467741935484,0.8560625157549786,0.8474918074111419,0.851543822727014,0.004418771566453648,0.9900565575001251,0.988938754400307,0.9894392632509719,0.9896227831628822,0.9895143395785716,0.0004008413145609226,31,0.9902122713647764,0.9904013524861387,0.9906627293303748,0.9902623222498429,0.9903846688577832,0.00017484676000893956
4.517023265361786,0.28461334156874235,0.7610305547714233,0.03377886958905975,0.9,0.6,0.1,5,7,110,0.0,1.0,8,0.9,"{'classifier__colsample_bytree': 0.9, 'classifier__gamma': 0.6, 'classifier__learning_rate': 0.1, 'classifier__max_depth': 5, 'classifier__min_child_weight': 7, 'classifier__n_estimators': 110, 'classifier__reg_alpha': 0.0, 'classifier__reg_lambda': 1.0, 'classifier__scale_pos_weight': 8, 'classifier__subsample': 0.9}",0.8797720990989615,0.8609235130111516,0.8524103737601936,0.8772514900542697,0.8675893689811441,0.011364539459274594,25,0.890061938485695,0.8957719079287759,0.9006823325902547,0.8926642445599621,0.894795105891172,0.003954649925346556,0.9789814838688347,0.9777746767994713,0.9712443497636227,0.9785602304855946,0.9766401852293808,0.0031452489806514747,41,0.9869680536261041,0.9873452974752532,0.9896385391306541,0.9874838687296439,0.9878589397404138,0.0010446481103813033,0.7886435331230284,0.7603767003836763,0.7736121124729632,0.7904998227578873,0.7782830421843888,0.012237689335855692,28,0.7916077322017916,0.796953719976567,0.7990560471976401,0.7950295857988166,0.7956617712937039,0.00273975965049368,0.7348138471587198,0.7055016181229773,0.7394900068917988,0.7443257676902537,0.7310328099659373,0.015119233645248826,26,0.7435783879539415,0.744690168600832,0.751109139307897,0.7492750390363596,0.7471631837247577,0.0031223814165984138,0.850983358547655,0.8245083207261724,0.8110355253212396,0.8427815570672713,0.8323271904155846,0.015586982687243702,23,0.8462701612903226,0.8571068548387096,0.8535417191832619,0.8467355684396269,0.8509135759379802,0.004590231113634623,0.9899397721016366,0.9885383473197751,0.9895226813927493,0.9901399756419026,0.9895351941140159,0.0006171110402354475,27,0.9901677816891618,0.9903624240199759,0.9905292603035308,0.9903679852294277,0.990356862810524,0.0001280890328087104
4.375110149383545,0.12040622525968486,0.7387529611587524,0.009347440844128509,0.9,0.6,0.1,5,7,110,0.1,0.0,8,0.9,"{'classifier__colsample_bytree': 0.9, 'classifier__gamma': 0.6, 'classifier__learning_rate': 0.1, 'classifier__max_depth': 5, 'classifier__min_child_weight': 7, 'classifier__n_estimators': 110, 'classifier__reg_alpha': 0.1, 'classifier__reg_lambda': 0, 'classifier__scale_pos_weight': 8, 'classifier__subsample': 0.9}",0.8785907453752173,0.8622864941020271,0.8515881423986161,0.8766084164144453,0.8672684495725764,0.011024079057113988,39,0.8911650457368627,0.8961411625980906,0.9007884055363076,0.8947272809784437,0.8957054737124261,0.0034495785234363455,0.9784595826385167,0.9779923969638338,0.9719996144887446,0.978137742593815,0.9766473341712276,0.0026886824810817963,40,0.9876910258725915,0.9877392667776826,0.9893787300818904,0.9881098663060381,0.9882297222595506,0.0006828844709040234,0.7811518324607329,0.7659425367904695,0.7736389684813754,0.7864214992927864,0.776788709256341,0.007736081244594291,39,0.7901350557839107,0.7962941245455611,0.7983510011778563,0.792128211171341,0.7942270981696673,0.003256889297249844,0.7252106286454958,0.7134464751958225,0.7351940095302927,0.7388704318936877,0.7281803863163246,0.009866301011066851,38,0.7398284583241698,0.7446808510638298,0.7492814503648021,0.7437486169506528,0.7443848441758636,0.0033626555487772376,0.846444780635401,0.8267776096822995,0.8163265306122449,0.8405139833711263,0.8325157260752679,0.01175804735265524,20,0.8477822580645161,0.8555947580645161,0.8542979581547769,0.8472397277539703,0.8512286755094449,0.0037507555983844493,0.9895393650211048,0.9888553362585295,0.9894559468793274,0.9899230884732811,0.9894434341580607,0.00038252016293931733,39,0.9900621187095769,0.9903401791821685,0.9904792094184643,0.9901900265269691,0.9902678834592947,0.00015675312333601968
4.369437396526337,0.14202572096644545,0.7466634511947632,0.032184543178984525,0.9,0.6,0.1,5,7,110,0.1,1.0,8,0.9,"{'classifier__colsample_bytree': 0.9, 'classifier__gamma': 0.6, 'classifier__learning_rate': 0.1, 'classifier__max_depth': 5, 'classifier__min_child_weight': 7, 'classifier__n_estimators': 110, 'classifier__reg_alpha': 0.1, 'classifier__reg_lambda': 1.0, 'classifier__scale_pos_weight': 8, 'classifier__subsample': 0.9}",0.8797349831409845,0.8620622413927926,0.8534501186502134,0.8768398327353871,0.8680217939798445,0.010756470108368698,4,0.8903626311453974,0.8957337077588793,0.900553277927668,0.893478001195343,0.8950319045068219,0.0037146608688465132,0.9784548724550718,0.9781709322733175,0.9720405563617559,0.9783390412107096,0.9767513505752137,0.002721651275803688,34,0.9874088041811533,0.9876341725163214,0.9894505881942288,0.9874206223235351,0.9879785468038096,0.000854603107698427,0.7879425166491413,0.7643758765778401,0.7761408551922386,0.7853624208304011,0.7784554173124052,0.00923718594225391,27,0.7890102148643888,0.7962419260129184,0.8007554296506137,0.7937706465313827,0.7949445542648259,0.004243933602453073,0.7341606792945787,0.7124183006535948,0.7397260273972602,0.7346938775510204,0.7302497212241135,0.010521478707112189,32,0.7386238733787646,0.745546514185177,0.7529411764705882,0.7460634286981592,0.7457937481831722,0.005065241555556915,0.8502269288956127,0.8245083207261724,0.8163265306122449,0.8435374149659864,0.8336497988000041,0.01374980397798367,3,0.8467741935483871,0.8543346774193549,0.8550541971262919,0.8479959667254853,0.8510397587048799,0.0036888995951509336,0.9899064048449256,0.9887886017451075,0.9896060995345267,0.9898229867031482,0.989531023206927,0.00044243082487781845,28,0.9900065066150586,0.9903513016010722,0.9906126784453083,0.9902790058781984,0.9903123731349094,0.0002158508783382761
3.236765205860138,0.028317475409016656,0.5313433408737183,0.01679995964124937,0.9,0.7,0.1,4,7,90,0.0,0.0,8,0.9,"{'classifier__colsample_bytree': 0.9, 'classifier__gamma': 0.7, 'classifier__learning_rate': 0.1, 'classifier__max_depth': 4, 'classifier__min_child_weight': 7, 'classifier__n_estimators': 90, 'classifier__reg_alpha': 0.0, 'classifier__reg_lambda': 0, 'classifier__scale_pos_weight': 8, 'classifier__subsample': 0.9}",0.8792296671810493,0.861993266804939,0.8526823125532936,0.8747912970784271,0.8671741359044272,0.010490606838724785,42,0.873423594740445,0.8800294344563578,0.8846776555471778,0.8764507286568887,0.8786453533502173,0.004194862656486183,0.9795653724037502,0.9785874867021197,0.9735070426727019,0.9779725308530218,0.9774081081578984,0.0023228004474965956,7,0.9816652408171765,0.981865160896152,0.9835978805526602,0.9822313400309448,0.9823399055742333,0.0007541290617856211,0.7868393419670984,0.7673354452657515,0.7795132582637123,0.7838028169014084,0.7793727155994926,0.0074211174392185015,18,0.7765894934774944,0.7850774284373534,0.7929973976815708,0.7821466524973433,0.7842027430234405,0.0059224172013933865,0.7322475570032573,0.717577353522054,0.7503496503496504,0.7336849044166117,0.7334648663228933,0.011608609449126806,16,0.7275930411803567,0.7344161545215101,0.7470470247381323,0.7356730342070191,0.7361823136617546,0.006985632258510119,0.8502269288956127,0.8245083207261724,0.8110355253212396,0.8412698412698413,0.8317601540532166,0.015112538227572036,42,0.8326612903225806,0.8432459677419355,0.8449710108394253,0.8348878245525586,0.8389415233641251,0.0052620519221941294,0.9898396703315037,0.988972121657018,0.9898730375882147,0.9897562521897262,0.9896102704416156,0.00037088253695655073,17,0.9894281408320682,0.9898118642842445,0.9902678834592947,0.9897395685613707,0.9898118642842445,0.00030017655109511505
3.293347418308258,0.051286095583841076,0.544130802154541,0.011125150842497055,0.9,0.7,0.1,4,7,90,0.0,1.0,8,0.9,"{'classifier__colsample_bytree': 0.9, 'classifier__gamma': 0.7, 'classifier__learning_rate': 0.1, 'classifier__max_depth': 4, 'classifier__min_child_weight': 7, 'classifier__n_estimators': 90, 'classifier__reg_alpha': 0.0, 'classifier__reg_lambda': 1.0, 'classifier__scale_pos_weight': 8, 'classifier__subsample': 0.9}",0.8788105301859888,0.8620255406007126,0.8521857270117085,0.8746907607549852,0.8669281396383488,0.010521688304462462,46,0.8732063454037386,0.879789402690043,0.8847765324455296,0.8766509570068547,0.8786058093865415,0.004256006793544068,0.9789621979259345,0.9788009547967695,0.9734774742585872,0.9779508348840954,0.9772978654663468,0.0022389192768001763,14,0.981697757316853,0.9818628485257421,0.9836732657733094,0.9822618146481288,0.9823739215660083,0.0007776980574757004,0.7862889122070654,0.7660470010522623,0.7790613718411552,0.7847295864262991,0.7790317178816955,0.00796455155557489,24,0.7770850488177862,0.7823543178095015,0.7940234791889007,0.7849513410871113,0.7846035467258249,0.006132758963913797,0.7312947299934938,0.7141922825376062,0.7456807187284036,0.7370517928286853,0.7320548810220473,0.011513935415463356,25,0.728656518861681,0.7302315421581477,0.7496641289744738,0.7416461089930477,0.7375495747468376,0.008604999432166676,0.8502269288956127,0.8260211800302572,0.8155706727135299,0.8390022675736961,0.832705262303274,0.013085604607642578,11,0.8324092741935484,0.8424899193548387,0.8439626922107386,0.8336274262667003,0.8381223280064565,0.005148515168093874,0.9898063030747927,0.988872019886885,0.9897896194464372,0.9898396703315037,0.9895769031849047,0.0004073633373782715,25,0.9894615080887792,0.9896561504195932,0.9903401791821685,0.9899230884732811,0.9898452315409555,0.00032940485259754453
3.324942708015442,0.08546954931153825,0.5371167063713074,0.015668220148316942,0.9,0.7,0.1,4,7,90,0.1,0.0,8,0.9,"{'classifier__colsample_bytree': 0.9, 'classifier__gamma': 0.7, 'classifier__learning_rate': 0.1, 'classifier__max_depth': 4, 'classifier__min_child_weight': 7, 'classifier__n_estimators': 90, 'classifier__reg_alpha': 0.1, 'classifier__reg_lambda': 0, 'classifier__scale_pos_weight': 8, 'classifier__subsample': 0.9}",0.8788402398557036,0.8627919315434135,0.853304595204237,0.8749970716239104,0.8674834595568162,0.010105462068621165,32,0.8733970443954026,0.8806025396729024,0.8843178591047747,0.8764761988266441,0.8786984104999309,0.004130575559924304,0.9792155348199084,0.9785924420731962,0.9736606166054976,0.9780335890478903,0.9773755456366231,0.002185183972195602,8,0.9815231823080341,0.9819865177067697,0.9834169042740224,0.9824186380115337,0.9823363105750901,0.0006996415472184292,0.7851903597624869,0.7673354452657515,0.7792678506705328,0.7854622441778405,0.7793139749691529,0.007345413769965853,21,0.7762632197414806,0.7872015057052112,0.7930091546783974,0.7842858833274169,0.7851899408631264,0.006035109108672904,0.7293964957819598,0.717577353522054,0.7486072423398329,0.7365982792852416,0.733044842732272,0.011262424814615358,19,0.7272126816380449,0.7381425104787117,0.7504500450045004,0.7390722569134701,0.7387193735086818,0.008222984695372396,0.8502269288956127,0.8245083207261724,0.8125472411186697,0.8412698412698413,0.8321380830025741,0.014599740690406506,31,0.8324092741935484,0.8432459677419355,0.8406856566675069,0.8353919838669019,0.8379332206174732,0.004265356214164696,0.9897395685613707,0.988972121657018,0.9898396703315037,0.9898563539598592,0.9896019286274379,0.00036635192746603084,20,0.9894114572037127,0.9899397721016366,0.9903179343443612,0.989861915169311,0.9898827697047553,0.0003221753878329267
3.325969636440277,0.06991943363407319,0.5389302372932434,0.005516798738540853,0.9,0.7,0.1,4,7,90,0.1,1.0,8,0.9,"{'classifier__colsample_bytree': 0.9, 'classifier__gamma': 0.7, 'classifier__learning_rate': 0.1, 'classifier__max_depth': 4, 'classifier__min_child_weight': 7, 'classifier__n_estimators': 90, 'classifier__reg_alpha': 0.1, 'classifier__reg_lambda': 1.0, 'classifier__scale_pos_weight': 8, 'classifier__subsample': 0.9}",0.8798468492846253,0.8623963105657171,0.8531164433955151,0.8751238698161354,0.8676208682654982,0.010529054897238503,22,0.8732709676756639,0.8806125946595443,0.884920746708086,0.8762815797878096,0.878771472207776,0.004406200833296164,0.9793940894863105,0.9783235615738537,0.9729200071366519,0.9774929886881281,0.977032661721236,0.0024682277127374844,23,0.9812596724010739,0.9817992586977574,0.9836964338791906,0.9820641697186321,0.9822048836741635,0.0009086361212908206,0.7868623340321453,0.7674991206472036,0.7797101449275362,0.7865486725663717,0.7801550680433142,0.007845963244150855,12,0.7792883319541317,0.7850774284373534,0.7927842392594351,0.7853502429773617,0.7856250606570704,0.00479018253097823,0.7311688311688311,0.7172912557527942,0.7487821851078637,0.7396804260985352,0.734230674532006,0.011594880826622552,13,0.7339122689824092,0.7344161545215101,0.7490468714958511,0.7411633109619686,0.7396346514904348,0.006142170980058737,0.8517397881996974,0.8252647503782148,0.8133030990173847,0.8397581254724111,0.832516440766927,0.014523417285311067,15,0.8306451612903226,0.8432459677419355,0.8419460549533653,0.8351399042097303,0.8377442720488384,0.005126005766658693,0.9898229867031482,0.988972121657018,0.9898563539598592,0.9899397721016366,0.9896478086054155,0.0003924200766225189,13,0.9896172219534304,0.9898118642842445,0.9902901282971021,0.989928649682733,0.9899119660543775,0.00024504054496371356
3.5718142986297607,0.07890165540958119,0.5731019973754883,0.01372574066895247,0.9,0.7,0.1,4,7,100,0.0,0.0,8,0.9,"{'classifier__colsample_bytree': 0.9, 'classifier__gamma': 0.7, 'classifier__learning_rate': 0.1, 'classifier__max_depth': 4, 'classifier__min_child_weight': 7, 'classifier__n_estimators': 100, 'classifier__reg_alpha': 0.0, 'classifier__reg_lambda': 0, 'classifier__scale_pos_weight': 8, 'classifier__subsample': 0.9}",0.8796678915815802,0.8625187259434618,0.8526064752494407,0.8759149020435495,0.867676998704508,0.01078625303916863,20,0.8757561321034532,0.8822394762715288,0.8866080309645875,0.8791613141605038,0.8809412383750183,0.003995354087749035,0.9795644626285915,0.9787384835692154,0.9732836161017643,0.9781893100111919,0.9774439680776907,0.0024513430328917596,2,0.982471024157181,0.9825901839651101,0.9844565805512767,0.9830415679139652,0.9831398391468833,0.0007894459244564772,0.7900105522335561,0.7680394227384724,0.7794277435711698,0.7850599013389711,0.7806344049705423,0.008179039747482438,6,0.7798445961855427,0.7857310490495188,0.7937071208895198,0.7846335697399527,0.7859790839661336,0.004980623075282714,0.7383300460223537,0.7182356813693219,0.7482614742698191,0.7353135313531353,0.7350351832536576,0.010817712742708329,7,0.7317719840919134,0.7351778656126482,0.7477156229106308,0.7387046516803917,0.738342531073896,0.005940815959057491,0.8494704992435703,0.8252647503782148,0.8133030990173847,0.8420256991685563,0.8325160119519316,0.014138649229340425,19,0.8346774193548387,0.84375,0.8457272498109403,0.8366523821527603,0.8402017628296348,0.004643206527138049,0.9900398738717696,0.989005488913729,0.9898396703315037,0.9898229867031482,0.9896770049550376,0.0003969818446564476,6,0.9896005383250749,0.9898452315409555,0.9903012507160057,0.9898674763787628,0.9899036242401997,0.0002523312611530953
3.681385338306427,0.19218951137269955,0.5864147543907166,0.03174508275371493,0.9,0.7,0.1,4,7,100,0.0,1.0,8,0.9,"{'classifier__colsample_bytree': 0.9, 'classifier__gamma': 0.7, 'classifier__learning_rate': 0.1, 'classifier__max_depth': 4, 'classifier__min_child_weight': 7, 'classifier__n_estimators': 100, 'classifier__reg_alpha': 0.0, 'classifier__reg_lambda': 1.0, 'classifier__scale_pos_weight': 8, 'classifier__subsample': 0.9}",0.8792575673795092,0.8620641223198122,0.8529107774584676,0.875932948354783,0.8675413538781429,0.010627115655076739,29,0.8752622465007133,0.881846028368621,0.8871203463498272,0.8792826802761752,0.8808778253738342,0.004300747003069762,0.9791301837149627,0.9788260220059254,0.973596605437741,0.9783070743120656,0.9774649713676737,0.0022527085551768125,1,0.9823304862089342,0.9825528134223112,0.9845405574092604,0.9829409066367047,0.9830911909193025,0.0008648367726704306,0.788218793828892,0.7669595782073814,0.778179190751445,0.7844797178130511,0.7794593201501925,0.008059389737062541,17,0.7805165703502771,0.784566670575818,0.7947349697616507,0.7867489907385419,0.7866418003565718,0.005180142059689975,0.734640522875817,0.716349310571241,0.7453287197231834,0.7354497354497355,0.7329420721549942,0.010463291606906743,20,0.7335402349811572,0.7337135336696644,0.7503358710255262,0.743658810325477,0.7403121125004561,0.00709005798677758,0.8502269288956127,0.8252647503782148,0.8140589569160998,0.8405139833711263,0.8325161548902634,0.013882433150682619,16,0.8339213709677419,0.8429939516129032,0.8447189311822536,0.8351399042097303,0.8391935394931571,0.0047223089047962515,0.9899230884732811,0.988938754400307,0.9897562521897262,0.9898063030747927,0.9896060995345267,0.0003900188434094819,19,0.9896505892101414,0.9897840582369853,0.9903735464388795,0.9900120678245105,0.9899550654276292,0.00027400951456788496
3.5376892685890198,0.05501322026106822,0.5728849172592163,0.024770093469450395,0.9,0.7,0.1,4,7,100,0.1,0.0,8,0.9,"{'classifier__colsample_bytree': 0.9, 'classifier__gamma': 0.7, 'classifier__learning_rate': 0.1, 'classifier__max_depth': 4, 'classifier__min_child_weight': 7, 'classifier__n_estimators': 100, 'classifier__reg_alpha': 0.1, 'classifier__reg_lambda': 0, 'classifier__scale_pos_weight': 8, 'classifier__subsample': 0.9}",0.879295367292944,0.8629848669598883,0.8536165701330123,0.8762747542598178,0.8680428896614156,0.010345097104416555,3,0.8758652141903834,0.8823060430711419,0.8866382232982093,0.8791116202918826,0.8809802752129043,0.003982014484777559,0.9791398299125658,0.978699395498928,0.9734921746476368,0.9783787000234484,0.9774275250206448,0.002288086482233427,4,0.9824026297293829,0.9824918197263359,0.9843720632666183,0.9830606476992194,0.9830817901053892,0.0007865392069732013,0.7884952648193616,0.7708628005657708,0.7805585781646718,0.7868504772004242,0.7816917801875571,0.006918282020839746,2,0.7798327247025563,0.7895233600755073,0.7946248067546676,0.7859765486201588,0.7874893600382226,0.005384338841605781,0.7351209941137998,0.7237715803452855,0.7503486750348675,0.7390438247011952,0.737071268548787,0.009498233749665451,2,0.7321389073213891,0.7422360248447205,0.7521386762719495,0.7412868632707775,0.7419501179272092,0.007081458610355176,0.8502269288956127,0.8245083207261724,0.8133030990173847,0.8412698412698413,0.8323270474772528,0.014347668962412337,24,0.8341733870967742,0.8432459677419355,0.8421981346105369,0.8364003024955886,0.8390044479862089,0.0038180769749434733,0.9899397721016366,0.9891890088256394,0.9899064048449256,0.9899397721016366,0.9897437394684595,0.0003205634482146908,2,0.9896060995345267,0.9900788023379324,0.9903957912766869,0.9899508945205403,0.9900078969174215,0.0002829222608593302
3.5799522399902344,0.059006464790296406,0.6015106439590454,0.03333155152809204,0.9,0.7,0.1,4,7,100,0.1,1.0,8,0.9,"{'classifier__colsample_bytree': 0.9, 'classifier__gamma': 0.7, 'classifier__learning_rate': 0.1, 'classifier__max_depth': 4, 'classifier__min_child_weight': 7, 'classifier__n_estimators': 100, 'classifier__reg_alpha': 0.1, 'classifier__reg_lambda': 1.0, 'classifier__scale_pos_weight': 8, 'classifier__subsample': 0.9}",0.8803850018006635,0.8623982346444655,0.8532176761211567,0.8766547983580291,0.8681639277310786,0.010932556761503688,1,0.8751895875360798,0.8822543142418352,0.8871421355381351,0.878783825582961,0.8808424657247528,0.004412260957893366,0.9795115666232737,0.9782756919149792,0.9725936907374447,0.9779210408061136,0.9770754975204528,0.002654073979117496,22,0.9818868765407968,0.9823185431418067,0.9844510573046513,0.9827376675027033,0.9828485361224895,0.0009728884443713409,0.7889200561009818,0.7676056338028169,0.7774158523344191,0.7881146091262823,0.780514037841125,0.008727191345100315,7,0.7807587755584446,0.785320670653066,0.7938278931750742,0.7866208041750682,0.7866320358904133,0.004690291939885946,0.7352941176470589,0.7180500658761528,0.7458333333333333,0.7406914893617021,0.7349672515545618,0.01045390649967556,8,0.7351435566436679,0.7342688007016005,0.7501121579183491,0.742831541218638,0.7405890141205639,0.006428788773416384,0.850983358547655,0.8245083207261724,0.8117913832199547,0.8420256991685563,0.8323271904155847,0.01520664149146388,22,0.8324092741935484,0.8440020161290323,0.8429543735820519,0.8358961431812453,0.8388154517714694,0.0048371633576423595,0.9899564557299921,0.9889888052853735,0.9897395685613707,0.9900065066150586,0.9896728340479487,0.0004074700859813941,7,0.9896839564668524,0.9898174254936963,0.9903401791821685,0.989995384196155,0.989959236334718,0.0002461267159379432
3.9116085171699524,0.05661782693697891,0.6148737072944641,0.036728396953280985,0.9,0.7,0.1,4,7,110,0.0,0.0,8,0.9,"{'classifier__colsample_bytree': 0.9, 'classifier__gamma': 0.7, 'classifier__learning_rate': 0.1, 'classifier__max_depth': 4, 'classifier__min_child_weight': 7, 'classifier__n_estimators': 110, 'classifier__reg_alpha': 0.0, 'classifier__reg_lambda': 0, 'classifier__scale_pos_weight': 8, 'classifier__subsample': 0.9}",0.8794555536014017,0.8624879410448373,0.8528401917973871,0.8762230764538297,0.8677516907243639,0.010709862783432922,17,0.8778482797986435,0.8835923023400828,0.8889283671840092,0.8809565297957646,0.8828313697796251,0.0040650524730399444,0.9794013741398849,0.9787724549607741,0.973092453016267,0.977955644748232,0.9773054817162896,0.0024858146726292976,12,0.9833523805202007,0.9830709628199615,0.985289456899145,0.9835895369095292,0.9838255842872091,0.0008648723536493018,0.7872415001752541,0.7685250529287226,0.7755692085290928,0.7847833744276154,0.7790297840151712,0.007464265583789554,25,0.7803502174168527,0.7872740079830947,0.7947443181818182,0.7858072146658782,0.787043939561911,0.005140140245948089,0.7335075114304376,0.7202380952380952,0.7430747922437673,0.7348284960422163,0.7329122237386292,0.008184402831715721,21,0.731116494164281,0.7369230769230769,0.7491631332291899,0.7401960784313726,0.7393496956869801,0.006532495811012048,0.8494704992435703,0.8237518910741302,0.8110355253212396,0.8420256991685563,0.8315709037018741,0.015104113616123929,45,0.8366935483870968,0.8450100806451613,0.8462314091252836,0.8374086211242753,0.8413359148204542,0.0043139471738094185,0.9898730375882147,0.9890555397987955,0.9896394667912377,0.9898063030747927,0.98959358681326,0.00032207937907317,23,0.9896060995345267,0.9899230884732811,0.990356862810524,0.989928649682733,0.9899536751252662,0.00026689460320279755
3.8118520379066467,0.032314188730436996,0.6100790500640869,0.004992732746784546,0.9,0.7,0.1,4,7,110,0.0,1.0,8,0.9,"{'classifier__colsample_bytree': 0.9, 'classifier__gamma': 0.7, 'classifier__learning_rate': 0.1, 'classifier__max_depth': 4, 'classifier__min_child_weight': 7, 'classifier__n_estimators': 110, 'classifier__reg_alpha': 0.0, 'classifier__reg_lambda': 1.0, 'classifier__scale_pos_weight': 8, 'classifier__subsample': 0.9}",0.8793225314103892,0.8620829263182981,0.8529806062412901,0.875996416518623,0.8675956201221501,0.010631112972896817,24,0.8775488116183112,0.8836522991018303,0.8894747185329346,0.8810635497573226,0.8829348447525996,0.0043530388146944,0.9790148164820908,0.9788223764529852,0.9734444435159988,0.9779320338602056,0.9773034175778201,0.0022651137672461074,13,0.98317141657597,0.9832706464309372,0.9854692871005242,0.9836434455454544,0.9838886989132214,0.0009293668616903514,0.7901581722319859,0.7679830747531735,0.7771345875542692,0.784756527875794,0.7800080906038057,0.008343108526927776,13,0.7818803822106878,0.7849525372084847,0.7973406149827852,0.7881305637982196,0.7880760245500443,0.005787438284468695,0.7380170715692712,0.7192866578599736,0.7453157529493407,0.7359364659166115,0.7346389870737993,0.009523421759757691,9,0.7349744954535373,0.7336254107338445,0.7535906642728905,0.7447285778375954,0.7417297870744669,0.008077562050386096,0.8502269288956127,0.8237518910741302,0.8117913832199547,0.8405139833711263,0.831571046640206,0.014835703041023732,44,0.8351814516129032,0.8440020161290323,0.8464834887824553,0.8369044618099319,0.8406428545835807,0.004722273739198561,0.9900398738717696,0.9890221725420845,0.9897228849330152,0.9898229867031482,0.9896519795125044,0.00038124463663407574,11,0.9897173237235634,0.989795180655889,0.9905070154657235,0.9900732411284806,0.9900231902434141,0.0003090851973193049
3.808519423007965,0.07435242162326468,0.622199535369873,0.012826490467057748,0.9,0.7,0.1,4,7,110,0.1,0.0,8,0.9,"{'classifier__colsample_bytree': 0.9, 'classifier__gamma': 0.7, 'classifier__learning_rate': 0.1, 'classifier__max_depth': 4, 'classifier__min_child_weight': 7, 'classifier__n_estimators': 110, 'classifier__reg_alpha': 0.1, 'classifier__reg_lambda': 0, 'classifier__scale_pos_weight': 8, 'classifier__subsample': 0.9}",0.8793595145993158,0.8624544783714965,0.853669755502526,0.8762310909001333,0.8679287098433679,0.010402857992904887,6,0.8778082058088864,0.8839109592367013,0.889180517788761,0.8812053534231366,0.8830262590643713,0.004159368100234811,0.9791290610137032,0.9787203719460236,0.9731331627778721,0.9779536460111242,0.9772340604371808,0.0024049591522877214,21,0.9830592934824581,0.9831183309431625,0.9853227483291032,0.9837263293654022,0.9838066755300314,0.0009134180906849928,0.789732770745429,0.7715700141442716,0.777697320782042,0.7895109851169383,0.7821277726971703,0.007801329867128496,1,0.7813898704358069,0.7905660377358491,0.7950975725844835,0.7861709685058016,0.7883061123154853,0.005089804424465557,0.7378449408672799,0.7244355909694555,0.7463516330785267,0.7431621080720481,0.7379485682468275,0.008372630853075153,1,0.7335249889429456,0.7429078014184397,0.7529862519720532,0.7412368832328645,0.7426639813915756,0.006931206790177401,0.8494704992435703,0.8252647503782148,0.8117913832199547,0.8420256991685563,0.8321380830025741,0.014657834932264626,31,0.8359375,0.844758064516129,0.8421981346105369,0.8369044618099319,0.8399495402341495,0.0036587925566359107,0.9900231902434141,0.9892223760823504,0.9897562521897262,0.9900899247568361,0.9897729358180818,0.0003415053552855014,1,0.9896783952574005,0.9901232920135471,0.990423597323946,0.9899564557299921,0.9900454350812214,0.00027004811652246344
3.8301032185554504,0.06594412232191588,0.6045454740524292,0.003508786093736444,0.9,0.7,0.1,4,7,110,0.1,1.0,8,0.9,"{'classifier__colsample_bytree': 0.9, 'classifier__gamma': 0.7, 'classifier__learning_rate': 0.1, 'classifier__max_depth': 4, 'classifier__min_child_weight': 7, 'classifier__n_estimators': 110, 'classifier__reg_alpha': 0.1, 'classifier__reg_lambda': 1.0, 'classifier__scale_pos_weight': 8, 'classifier__subsample': 0.9}",0.8797575007215317,0.8622696528741857,0.8531717157425701,0.8764275833729918,0.8679066131778198,0.01074642955279554,10,0.8773542581589491,0.883775719428325,0.889216510812,0.8807408783016527,0.8827718416752317,0.004359373642115533,0.9793135840632374,0.9781371286417172,0.9727790510377907,0.9774559991565587,0.976921440724826,0.002482206271594596,27,0.9828400475187747,0.9828967224491907,0.9851822287927148,0.983247066232156,0.9835415162482091,0.0009600072769618516,0.7887915936952714,0.7669014084507042,0.7793904208998549,0.7868504772004242,0.7804834750615637,0.008591141546533107,8,0.7810804435008256,0.7861244579866401,0.7944457631141705,0.7873754152823921,0.7872565199710071,0.004772966529543479,0.7345075016307893,0.717391304347826,0.749476622470342,0.7390438247011952,0.7351048132875382,0.011577887223889268,6,0.7341463414634146,0.7347207009857613,0.7506167302085669,0.7437794216543376,0.74081579857802,0.006827759431685033,0.8517397881996974,0.8237518910741302,0.8117913832199547,0.8412698412698413,0.8321382259409059,0.015426699766231202,30,0.8344254032258065,0.8452620967741935,0.8437106125535669,0.8364003024955886,0.8399496037622889,0.004622826521152366,0.9899397721016366,0.9889554380286625,0.9898563539598592,0.9899397721016366,0.9896728340479487,0.00041558646981366753,7,0.9896783952574005,0.9898507927504073,0.9903679852294277,0.9900343126623178,0.9899828714748884,0.0002554943033492972
3.7300400733947754,0.1427591802424435,0.6446054577827454,0.01965543868775405,0.9,0.7,0.1,5,7,90,0.0,0.0,8,0.9,"{'classifier__colsample_bytree': 0.9, 'classifier__gamma': 0.7, 'classifier__learning_rate': 0.1, 'classifier__max_depth': 5, 'classifier__min_child_weight': 7, 'classifier__n_estimators': 90, 'classifier__reg_alpha': 0.0, 'classifier__reg_lambda': 0, 'classifier__scale_pos_weight': 8, 'classifier__subsample': 0.9}",0.879748825952717,0.8618013720687724,0.8524450110380907,0.8755208419420776,0.8673790127504144,0.010879293910489708,37,0.8840190401315441,0.8909588652532969,0.8940656167500465,0.8861842694347143,0.8888069478924004,0.00393976044644162,0.9781731131527757,0.9785969651397646,0.9717712555504284,0.9779586686440496,0.9766250006217545,0.002811708025387329,43,0.9852699955506182,0.9859460195837466,0.9870523351628759,0.9851518294338872,0.9858550449327821,0.0007547474908293086,0.7857392520097868,0.7614390499476074,0.778460426454644,0.7787114845938375,0.7760875532514688,0.008947757832166225,42,0.7837012682010334,0.7902130648560056,0.7967345007098912,0.7875147232037691,0.7895408892426748,0.004754113711398251,0.7303443794671864,0.7073329007138222,0.7458448753462604,0.7253750815394651,0.7272243092666835,0.013743617578570027,41,0.7337291116974495,0.7378662002623524,0.7507246376811594,0.7391112093743091,0.7403577897538176,0.006308186933663315,0.8502269288956127,0.8245083207261724,0.8140589569160998,0.8405139833711263,0.8323270474772528,0.01398469962924024,24,0.8409778225806451,0.850554435483871,0.8487522056970003,0.8427022939248803,0.845746689421599,0.0040049339934693185,0.9897729358180817,0.9886050818331971,0.9897729358180817,0.9894559468793274,0.989401725087172,0.0004778010282359462,42,0.9897562521897262,0.9900343126623178,0.9904458421617534,0.9899675781488958,0.9900509962906733,0.00025000713829049327
3.6595223546028137,0.01684891450873404,0.665651261806488,0.03647859379422647,0.9,0.7,0.1,5,7,90,0.0,1.0,8,0.9,"{'classifier__colsample_bytree': 0.9, 'classifier__gamma': 0.7, 'classifier__learning_rate': 0.1, 'classifier__max_depth': 5, 'classifier__min_child_weight': 7, 'classifier__n_estimators': 90, 'classifier__reg_alpha': 0.0, 'classifier__reg_lambda': 1.0, 'classifier__scale_pos_weight': 8, 'classifier__subsample': 0.9}",0.8793935318706931,0.8613135100347656,0.8532941169772656,0.8759675290699817,0.8674921719881765,0.010644654460627866,31,0.8844471976620776,0.8903186356419889,0.8937101281099491,0.8857071839821097,0.8885457863490314,0.0036969417449230174,0.9788944293550814,0.9783000364658531,0.9724679701733749,0.9782456679500879,0.9769770259860994,0.002615713533817233,25,0.9849682802971629,0.9856356417192333,0.9868823294023863,0.9855133017711732,0.9857498882974889,0.0007004211924463882,0.7884952648193616,0.7627711686494052,0.7747035573122529,0.7843275679491705,0.7775743896825476,0.009902625433553861,33,0.7869277961302501,0.7919447371502166,0.7937779872731557,0.7889583579096379,0.7904022196158151,0.002642514087185437,0.7351209941137998,0.7096354166666666,0.7383561643835617,0.7357615894039735,0.7297185411420004,0.01165810184339576,34,0.7397959183673469,0.7395582768423354,0.7452976322195176,0.7414634146341463,0.7415288105158366,0.0022964217715926143,0.8502269288956127,0.8245083207261724,0.8148148148148148,0.8397581254724111,0.8323270474772528,0.013633024754185086,24,0.8404737903225806,0.8523185483870968,0.8490042853541719,0.8429543735820519,0.8461877494114753,0.004707005909276201,0.9899397721016366,0.9886884999749745,0.9895393650211048,0.9898063030747927,0.9894934850431272,0.00048660384088497293,33,0.9899564557299921,0.9901177308040953,0.9902678834592947,0.9900509962906733,0.9900982665710139,0.00011346093952799119
3.655291199684143,0.06137158896725576,0.6413642764091492,0.011875195326784067,0.9,0.7,0.1,5,7,90,0.1,0.0,8,0.9,"{'classifier__colsample_bytree': 0.9, 'classifier__gamma': 0.7, 'classifier__learning_rate': 0.1, 'classifier__max_depth': 5, 'classifier__min_child_weight': 7, 'classifier__n_estimators': 90, 'classifier__reg_alpha': 0.1, 'classifier__reg_lambda': 0, 'classifier__scale_pos_weight': 8, 'classifier__subsample': 0.9}",0.8788838204397861,0.862430758199848,0.8524136786408271,0.8760053860913577,0.8674334108429547,0.010667819932929755,34,0.8840988981804637,0.8906032234135072,0.8938257917479939,0.8863039334520264,0.8887079616984979,0.0037685215836920317,0.9784503171269728,0.9781187460216695,0.9722726613202641,0.9774707769160771,0.9765781253462459,0.002510600597143507,45,0.9852728539471365,0.9859922125326458,0.9868281455359,0.9854776078077749,0.9858927049558643,0.0006003065366934077,0.7864383082838169,0.7608089260808926,0.7741935483870968,0.7812061711079944,0.7756617384649502,0.00961297051143513,43,0.7850841077520292,0.7885847408270239,0.7949140569813986,0.7867309728267262,0.7888284695967944,0.0037253696411848757,0.7309941520467836,0.7056921086675291,0.7361963190184049,0.7285807717462394,0.7253658378697392,0.011687265109289748,47,0.7361570703728215,0.7331600606454408,0.745747735807378,0.7375385972651081,0.738150866022687,0.004662903145145461,0.850983358547655,0.8252647503782148,0.8163265306122449,0.8420256991685563,0.8336500846766678,0.013610773838426467,1,0.8409778225806451,0.8530745967741935,0.8510209226115453,0.8429543735820519,0.8470069288871089,0.005140575516490319,0.9898063030747927,0.9885550309481306,0.9894893141360384,0.9895894159061712,0.9893600160162832,0.0004786740571084296,44,0.9898396703315037,0.9899064048449256,0.9903123731349094,0.9899175272638293,0.989993993893792,0.00018621230493109705
3.743653655052185,0.07255754645751927,0.6469249725341797,0.03507151754726799,0.9,0.7,0.1,5,7,90,0.1,1.0,8,0.9,"{'classifier__colsample_bytree': 0.9, 'classifier__gamma': 0.7, 'classifier__learning_rate': 0.1, 'classifier__max_depth': 5, 'classifier__min_child_weight': 7, 'classifier__n_estimators': 90, 'classifier__reg_alpha': 0.1, 'classifier__reg_lambda': 1.0, 'classifier__scale_pos_weight': 8, 'classifier__subsample': 0.9}",0.8796875838692828,0.8616517368487033,0.8530586955643504,0.8752650889325782,0.8674157763037287,0.010624957504238806,35,0.8826823138915671,0.8900240438366117,0.8941076145017959,0.887212538153605,0.888506627595895,0.004161457196065206,0.9783295686708227,0.9783499773149822,0.9727077477033608,0.9778985517898833,0.9768214613697622,0.0023818854154092984,30,0.9848686785425234,0.9857845449021145,0.9865094930532595,0.9856903624650308,0.985713269740732,0.0005815734578309881,0.7889200561009818,0.7618048268625394,0.77518823951237,0.7799930045470445,0.7764765317557338,0.009799559944202915,41,0.783007766533302,0.7886863020102852,0.796176088752508,0.787124060150376,0.7887485543616177,0.004763606008456221,0.7352941176470589,0.708523096942095,0.737380627557981,0.7259114583333334,0.7267773251201171,0.011390043340605982,42,0.7344370860927152,0.7353966870095903,0.7485574789169995,0.7370737073707371,0.7388662398475105,0.005674250771269628,0.850983358547655,0.8237518910741302,0.8170823885109599,0.8427815570672713,0.8336497988000041,0.013750354210097918,3,0.8384576612903226,0.8503024193548387,0.8502646836400303,0.8444668515250819,0.8458729039525685,0.004895690520523723,0.9899564557299921,0.9886384490899081,0.9895393650211048,0.9895059977643939,0.9894100669013497,0.0004795454966048208,41,0.9897451297708225,0.9899453333110885,0.9903957912766869,0.9899230884732811,0.9900023357079698,0.00024004769115443315
3.9116090536117554,0.07452173574794567,0.7038899064064026,0.02310845001154992,0.9,0.7,0.1,5,7,100,0.0,0.0,8,0.9,"{'classifier__colsample_bytree': 0.9, 'classifier__gamma': 0.7, 'classifier__learning_rate': 0.1, 'classifier__max_depth': 5, 'classifier__min_child_weight': 7, 'classifier__n_estimators': 100, 'classifier__reg_alpha': 0.0, 'classifier__reg_lambda': 0, 'classifier__scale_pos_weight': 8, 'classifier__subsample': 0.9}",0.8793087607915426,0.862210375098171,0.8523257311494027,0.8768708458784584,0.8676789282293937,0.011015558195307867,19,0.8872144002156418,0.8935125384254449,0.8976133218199512,0.8900826529181093,0.8921057283447869,0.0038836395796889617,0.9781536594499172,0.9783773221881875,0.9718692259063976,0.9783426131473472,0.9766857051729624,0.0027820978795801564,39,0.9861620108878695,0.9866899744240798,0.9882802376071169,0.9862636397707875,0.9868489656724635,0.0008497545020826069,0.7891777933942375,0.7632039174536551,0.7770975873244509,0.7828229496656107,0.7780755619594886,0.009590613608597098,30,0.7871589840075258,0.7938108076427148,0.7997631734754292,0.7904784350695263,0.792802850048799,0.0046561306253727,0.7368766404199475,0.7098243331164606,0.7420907840440165,0.7325428194993412,0.7303336442699415,0.012314152766944801,31,0.7378747795414462,0.7420556651325882,0.7541313086199196,0.742199601681788,0.7440653387439355,0.00606561076052859,0.8494704992435703,0.8252647503782148,0.8155706727135299,0.8405139833711263,0.8327049764266103,0.013143483862439303,12,0.8434979838709677,0.8533266129032258,0.8512730022687169,0.8454751701537686,0.8483931922991699,0.004034534146398414,0.9899898229867031,0.98870518360333,0.9896728340479487,0.9897062013046597,0.9895185104856603,0.00048545846799040167,30,0.9899342108921848,0.9902178325742282,0.9905959948169528,0.9901121695946434,0.9902150519695023,0.0002421681639645277
4.106979727745056,0.21948671941489306,0.775638222694397,0.06000668522854496,0.9,0.7,0.1,5,7,100,0.0,1.0,8,0.9,"{'classifier__colsample_bytree': 0.9, 'classifier__gamma': 0.7, 'classifier__learning_rate': 0.1, 'classifier__max_depth': 5, 'classifier__min_child_weight': 7, 'classifier__n_estimators': 100, 'classifier__reg_alpha': 0.0, 'classifier__reg_lambda': 1.0, 'classifier__scale_pos_weight': 8, 'classifier__subsample': 0.9}",0.8798557786124965,0.8610843804717567,0.8532927861007381,0.8773921705742576,0.8679062789398122,0.011100283264336666,11,0.888107952478899,0.8925984359411833,0.8977378736875151,0.8897228470669565,0.8920417772936384,0.0036608673168902458,0.979097096289338,0.9780217355996207,0.9721537944902117,0.9785837768982304,0.9769641008193501,0.002803152626243953,26,0.9862987431344599,0.9863973861188458,0.98841559155326,0.9865669087286004,0.9869196573837915,0.000868986828486708,0.7875175315568023,0.7632039174536551,0.7749369823550594,0.7866996816413159,0.7780895282517082,0.009931539938184674,29,0.7890883325460557,0.7943312251112673,0.7963159759121502,0.7927608232789212,0.7931240892120985,0.002648802172244327,0.7339869281045751,0.7098243331164606,0.7400275103163686,0.7393617021276596,0.730800118416266,0.012334755792660738,29,0.7424444444444445,0.7420131291028447,0.7490004442470013,0.7468241586806329,0.7450705441187307,0.0029480275239788865,0.8494704992435703,0.8252647503782148,0.8133030990173847,0.8405139833711263,0.8321380830025741,0.013897550888758095,31,0.8419858870967742,0.8545866935483871,0.8500126039828586,0.8447189311822536,0.8478260289525683,0.0048540964553235675,0.9898897212165702,0.98870518360333,0.9895727322778157,0.9899397721016366,0.9895268522998381,0.0004948285138934797,29,0.9900676799190288,0.9902345162025837,0.9904069136955905,0.9902567610403911,0.9902414677143986,0.00012026718156721742
4.2095571756362915,0.16681341416605455,0.7111994624137878,0.022894354407732204,0.9,0.7,0.1,5,7,100,0.1,0.0,8,0.9,"{'classifier__colsample_bytree': 0.9, 'classifier__gamma': 0.7, 'classifier__learning_rate': 0.1, 'classifier__max_depth': 5, 'classifier__min_child_weight': 7, 'classifier__n_estimators': 100, 'classifier__reg_alpha': 0.1, 'classifier__reg_lambda': 0, 'classifier__scale_pos_weight': 8, 'classifier__subsample': 0.9}",0.879614312183805,0.8622476864577991,0.8522547269077,0.8772152080352648,0.8678329833961422,0.011188202092954075,14,0.887788951935801,0.8933510670561335,0.8977822362944604,0.8904619336307886,0.8923460472292959,0.0037040254443856248,0.9786158252304629,0.977986686672945,0.9720661917770459,0.9777706906428465,0.976609848580825,0.002641590283062997,44,0.9862788862716069,0.986858146166093,0.988177036181136,0.9867719282602941,0.9870214992197824,0.0007027996769744706,0.7862889122070654,0.7615062761506276,0.7749820273184759,0.7853366231935143,0.7770284597174207,0.009998845294621965,36,0.7872090289207618,0.7932124049151551,0.799008615602502,0.7916321947760312,0.7927655610536125,0.004223001539177111,0.7312947299934938,0.7063389391979301,0.7388622344071282,0.7357992073976222,0.7280737777490436,0.012834044574124943,39,0.7377699427060379,0.7404413371203845,0.7512205947625389,0.7452158433466844,0.7436619294839114,0.005114581909840987,0.8502269288956127,0.8260211800302572,0.8148148148148148,0.8420256991685563,0.8332721557273103,0.013759895876111346,6,0.84375,0.8540826612903226,0.8532896395260903,0.8442147718679103,0.8488342681710808,0.004862753673990059,0.9898063030747927,0.9885883982048416,0.9895560486494602,0.9898396703315037,0.9894476050651495,0.00050802949594037,38,0.9899342108921848,0.9901733428986136,0.9905292603035308,0.9901955877364209,0.9902081004576875,0.00021185124308087033
4.179651975631714,0.11694367698789072,0.7776427268981934,0.10052756199351333,0.9,0.7,0.1,5,7,100,0.1,1.0,8,0.9,"{'classifier__colsample_bytree': 0.9, 'classifier__gamma': 0.7, 'classifier__learning_rate': 0.1, 'classifier__max_depth': 5, 'classifier__min_child_weight': 7, 'classifier__n_estimators': 100, 'classifier__reg_alpha': 0.1, 'classifier__reg_lambda': 1.0, 'classifier__scale_pos_weight': 8, 'classifier__subsample': 0.9}",0.8801920202701132,0.861210295503008,0.8534181599215481,0.8768927014498454,0.8679282942861287,0.011027636620501997,7,0.8858891620261512,0.8923423658306001,0.8976877594076376,0.8911833418960183,0.8917756572901018,0.004191532358118737,0.9787055187374065,0.9780676437574441,0.9723614890658507,0.9781255180597632,0.9768150424051161,0.002583330926241776,31,0.9860654237419421,0.9866942143669725,0.9881804521937774,0.986709658779328,0.9869124372705049,0.0007768581137054971,0.7891967730620835,0.7615062761506276,0.77577505407354,0.7813594954449895,0.7769593996828102,0.010115777915751061,37,0.785831960461285,0.7904149620105202,0.7981586402266289,0.7917943881160103,0.7915499877036111,0.004407894582437564,0.7357750163505559,0.7063389391979301,0.7415575465196417,0.728282168517309,0.7279884176463592,0.013356071507212781,40,0.7370860927152317,0.737083060824068,0.7504994450610433,0.7437430786267996,0.7421029193067856,0.005557861449630926,0.850983358547655,0.8260211800302572,0.8133030990173847,0.8427815570672713,0.8332722986656421,0.014624083676846164,5,0.8414818548387096,0.8520665322580645,0.8522813208974036,0.8464834887824553,0.8480782991941582,0.004461723119877361,0.9899731393583476,0.9885883982048416,0.9896227831628822,0.9895894159061712,0.9894434341580607,0.0005160307202144654,39,0.9898785987976665,0.990028751452866,0.990490331837368,0.9901789041080654,0.9901441465489915,0.00022632055708922007
4.2809669971466064,0.03400603870178635,0.7683972120285034,0.03861807942027519,0.9,0.7,0.1,5,7,110,0.0,0.0,8,0.9,"{'classifier__colsample_bytree': 0.9, 'classifier__gamma': 0.7, 'classifier__learning_rate': 0.1, 'classifier__max_depth': 5, 'classifier__min_child_weight': 7, 'classifier__n_estimators': 110, 'classifier__reg_alpha': 0.0, 'classifier__reg_lambda': 0, 'classifier__scale_pos_weight': 8, 'classifier__subsample': 0.9}",0.8790053089699466,0.8621309569073037,0.8523971861347801,0.8767839480580056,0.867579350017509,0.010902525518375008,26,0.8902345105722332,0.8964049952557228,0.900282196747088,0.8933594547187749,0.8950702893234548,0.003716756990088617,0.9782399654961641,0.9781007182784567,0.9715788480898934,0.9783155592734644,0.9765587727844947,0.0028761933858768313,47,0.987337904625697,0.9875697020241797,0.9892480722571966,0.9874635898279085,0.9879048171837455,0.0007798570046064258,0.7875175315568023,0.7660470010522623,0.7760115606936416,0.7814476458186929,0.7777559347803498,0.007890809084304898,31,0.7900740914971187,0.7971830985915493,0.8007100591715977,0.7936320754716981,0.7953998311829908,0.003964436510965067,0.7339869281045751,0.7141922825376062,0.7432525951557093,0.7301378857518056,0.7303924228874241,0.010497783516453637,30,0.740683572216097,0.7460456942003515,0.7546285969217043,0.7456237536007091,0.7467454042347155,0.0050159303384092555,0.8494704992435703,0.8260211800302572,0.8117913832199547,0.8405139833711263,0.8319492614662272,0.014333792584845543,36,0.8465221774193549,0.8558467741935484,0.8527854802117469,0.8482480463826569,0.8508506195518268,0.003681509383810655,0.9898897212165702,0.988872019886885,0.9896561504195932,0.9896227831628822,0.9895101686714827,0.00038252016293930584,32,0.9900732411284806,0.990390230067235,0.9906349232831156,0.9902678834592947,0.9903415694845316,0.0002036259072594654
4.377864897251129,0.1694507746002767,0.7464014291763306,0.05636243189418618,0.9,0.7,0.1,5,7,110,0.0,1.0,8,0.9,"{'classifier__colsample_bytree': 0.9, 'classifier__gamma': 0.7, 'classifier__learning_rate': 0.1, 'classifier__max_depth': 5, 'classifier__min_child_weight': 7, 'classifier__n_estimators': 110, 'classifier__reg_alpha': 0.0, 'classifier__reg_lambda': 1.0, 'classifier__scale_pos_weight': 8, 'classifier__subsample': 0.9}",0.879816058944863,0.860756438975144,0.8534271453456229,0.8772196662900079,0.8678048273889094,0.011060135568716139,15,0.8915852535713591,0.8957875310762399,0.9011188224874964,0.8926616974476019,0.8952883261456742,0.003703235678527795,0.9790674543951651,0.9779746789313134,0.9718219589975717,0.9785561040605982,0.976855049096162,0.0029314626088088928,29,0.9873332727191805,0.9873398221662042,0.9895250480954655,0.9874712081238313,0.9879173377761703,0.0009298414391732906,0.7849877236057524,0.7664207938180541,0.7746580273578114,0.7903511883646683,0.7791044332865715,0.009243211571433263,23,0.7925418928487137,0.7978885630498533,0.7998584738766364,0.794792899408284,0.7962704572958719,0.002809693015379731,0.7318508829300197,0.7154098360655737,0.7395189003436426,0.7446524064171123,0.732858006439087,0.011055861856895773,22,0.7452285841100754,0.7463243361860873,0.7515514184397163,0.7490519741244702,0.7480390782150873,0.002459761640744743,0.846444780635401,0.8252647503782148,0.8133030990173847,0.8420256991685563,0.8317595822998892,0.013265300812294234,43,0.8462701612903226,0.8571068548387096,0.8548021174691203,0.8464834887824553,0.8511656555951519,0.004858246956542301,0.9897729358180817,0.988905387143596,0.9895560486494602,0.9901399756419026,0.9895935868132602,0.00044881363522709987,22,0.9902233937836801,0.9904180361144942,0.9905626275602418,0.990356862810524,0.990390230067235,0.00012190343636466363
4.233002066612244,0.049940571695148366,0.7069979906082153,0.024011280427371644,0.9,0.7,0.1,5,7,110,0.1,0.0,8,0.9,"{'classifier__colsample_bytree': 0.9, 'classifier__gamma': 0.7, 'classifier__learning_rate': 0.1, 'classifier__max_depth': 5, 'classifier__min_child_weight': 7, 'classifier__n_estimators': 110, 'classifier__reg_alpha': 0.1, 'classifier__reg_lambda': 0, 'classifier__scale_pos_weight': 8, 'classifier__subsample': 0.9}",0.8794038144966881,0.8622950051360144,0.8522417688449787,0.8775476504085672,0.8678720597215621,0.011202767002764165,12,0.891035089858562,0.8961373350106837,0.9005681477442036,0.8937678296266374,0.8953771005600215,0.003498847565878036,0.9784889793450584,0.9779905838658227,0.9716890752176095,0.9775734217378625,0.9764355150415883,0.002759459971888044,48,0.9873350168498212,0.9877395118445187,0.9892535051937941,0.9878259953688157,0.9880385073142375,0.0007255477755997558,0.7861393069653483,0.7659425367904695,0.7770975873244509,0.7863187588152327,0.7788745474738754,0.008345470338035248,26,0.7913719943422913,0.7962941245455611,0.8027403732577368,0.7946988522068394,0.7962763360881071,0.004132950408454715,0.7315960912052117,0.7134464751958225,0.7420907840440165,0.73694646397885,0.7310199536059753,0.010803308402441031,27,0.7433569530558016,0.7446808510638298,0.7552789508779729,0.7488849241748439,0.7480504197931119,0.004645715301315986,0.8494704992435703,0.8267776096822995,0.8155706727135299,0.8427815570672713,0.8336500846766678,0.01330192988413793,1,0.8460181451612904,0.8555947580645161,0.8565666750693219,0.8464834887824553,0.8511657667693959,0.004929693441880652,0.9898063030747927,0.9888553362585295,0.9896728340479487,0.9898897212165702,0.9895560486494602,0.0004118863142737809,26,0.9901566592702581,0.9903401791821685,0.9907127802154413,0.9903513016010722,0.990390230067235,0.00020162739885867014
4.081668436527252,0.3167372935892721,0.45052438974380493,0.13205587381149858,0.9,0.7,0.1,5,7,110,0.1,1.0,8,0.9,"{'classifier__colsample_bytree': 0.9, 'classifier__gamma': 0.7, 'classifier__learning_rate': 0.1, 'classifier__max_depth': 5, 'classifier__min_child_weight': 7, 'classifier__n_estimators': 110, 'classifier__reg_alpha': 0.1, 'classifier__reg_lambda': 1.0, 'classifier__scale_pos_weight': 8, 'classifier__subsample': 0.9}",0.8799131641150043,0.8614628480947107,0.8534796200414274,0.876828615605876,0.8679210619642546,0.01087909459775419,8,0.8888879743731716,0.8954123925531146,0.901129267752728,0.8943185435658041,0.8949370445612046,0.00434578466413471,0.9786359306162362,0.9777998278886065,0.9720283382752432,0.9777725991144074,0.9765591739736234,0.0026387976896402507,46,0.9870772316181644,0.9875994468322712,0.9894420080248343,0.9877709807934223,0.987972416817173,0.0008861063620499461,0.7877937565766397,0.7649122807017544,0.774054054054054,0.7806925498426023,0.7768631602937627,0.008438850044654443,38,0.7894117647058824,0.7954945441745864,0.8021264028352038,0.7930668553236646,0.7950248917598344,0.004636624174802524,0.7344669718770438,0.7133507853403142,0.7396694214876033,0.7265625,0.7285124196762403,0.009919837748307358,37,0.7402912621359223,0.7442371020856202,0.7547799021787461,0.7450155073105893,0.7460809434277196,0.005332147733961637,0.8494704992435703,0.8245083207261724,0.8117913832199547,0.8435374149659864,0.832326904538921,0.015020122104291603,27,0.8455141129032258,0.8543346774193549,0.8558104360978069,0.8477438870683136,0.8508507783721753,0.004326330119970221,0.9899064048449256,0.9888219690018185,0.9895393650211048,0.9895393650211048,0.9894517759722383,0.00039328358560745025,37,0.9900454350812214,0.9903068119254576,0.9906849741681821,0.9902400774120356,0.9903193246467241,0.00023192227094060637
